brand,name,price,rating
Absolute New York,Base Cobertura Total - Maple - Absolute New York,"R$ 56,90",0/5
Absolute New York,Base Cobertura Total - Tiramisu - Absolute New York,"R$ 56,90",0/5
Absolute New York,Base Cobertura Total - Truffle - Absolute New York,"R$ 56,90",0/5
Absolute New York,Base Cobertura Total - Mahogany - Absolute New York,"R$ 56,90",0/5
Absolute New York,Base Cobertura Total - Ganache - Absolute New York,"R$ 56,90",0/5
Absolute New York,Iluminador Glow in the City - New York Glow - Absolute New York,"R$ 112,90",0/5
Absolute New York,Iluminador Glow in the City - Big Apple Cheeks - Absolute New York,"R$ 112,90",0/5
Absolute New York,Pó Solto Skin Glow - Holo - Absolute New York,"R$ 75,90",0/5
Absolute New York,Pó Solto Skin Glow - Pêssego - Absolute New York,"R$ 75,90",0/5
Absolute New York,Pó Solto Skin Glow - Sol - Absolute New York,"R$ 75,90",0/5
Absolute New York,Pó Solto Skin Glow - Bronze - Absolute New York,"R$ 75,90",0/5
Absolute New York,Gloss Labial Lip Spark - Sunstone - Absolute New York,"R$ 61,90",0/5
Absolute New York,Gloss Labial Lip Spark - Spinel - Absolute New York,"R$ 61,90",0/5
Absolute New York,Gloss Labial Lip Spark - Ruby - Absolute New York,"R$ 61,90",0/5
Absolute New York,Gloss Labial Lip Spark - Cutrine - Absolute New York,"R$ 61,90",0/5
Absolute New York,Gloss Labial Lip Spark - Amber - Absolute New York,"R$ 61,90",0/5
Absolute New York,Gloss Labial Lip Spark - Rose Quartz - Absolute New York,"R$ 61,90",0/5
Absolute New York,Gloss Labial Lip Spark - Topaz - Absolute New York,"R$ 61,90",0/5
Absolute New York,Gloss Labial Lip Spark - Garnet - Absolute New York,"R$ 61,90",0/5
Absolute New York,Gloss Labial Lip Spark - Smokey Quartz - Absolute New York,"R$ 61,90",0/5
Absolute New York,Gloss Labial Lip Spark - Amethyst - Absolute New York,"R$ 61,90",0/5
Absolute New York,Caneta Batom Supreme Slim - In Blossom - Absolute New York,"R$ 35,90",0/5
Absolute New York,Caneta Batom Supreme Slim - Desert Iris - Absolute New York,"R$ 35,90",0/5
Absolute New York,Caneta Batom Supreme Slim - English Rose - Absolute New York,"R$ 35,90",0/5
Absolute New York,Caneta Batom Supreme Slim - Modern Garden - Absolute New York,"R$ 35,90",0/5
Absolute New York,Caneta Batom Supreme Slim - La Reina - Absolute New York,"R$ 35,90",0/5
Absolute New York,Caneta Batom Supreme Slim - Poppy Field - Absolute New York,"R$ 35,90",0/5
Absolute New York,Caneta Batom Supreme Slim - Peony - Absolute New York,"R$ 35,90",0/5
Absolute New York,Delineador em Gel Labial - Coffee Bean - Absolute New York,"R$ 41,90",0/5
Absolute New York,Delineador em Gel Labial - Chocolate - Absolute New York,"R$ 41,90",0/5
Absolute New York,Delineador em Gel Labial - Berry - Absolute New York,"R$ 41,90",0/5
Absolute New York,Delineador em Gel Labial - True Red - Absolute New York,"R$ 41,90",0/5
Absolute New York,Delineador em Gel Labial - Red Hot - Absolute New York,"R$ 41,90",0/5
Absolute New York,Delineador em Gel Labial - Cherry - Absolute New York,"R$ 41,90",0/5
Absolute New York,Delineador em Gel para Olhos - Black - Absolute New York,"R$ 46,90",0/5
Absolute New York,Delineador em Gel para Olhos - Twinkle Black - Absolute New York,"R$ 46,90",0/5
Absolute New York,Delineador em Gel para Olhos - Brown - Absolute New York,"R$ 46,90",0/5
Absolute New York,Delineador em Gel para Olhos - Navy - Absolute New York,"R$ 46,90",0/5
Absolute New York,Delineador em Gel para Olhos - White - Absolute New York,"R$ 46,90",0/5
Absolute New York,Lápis de Sobrancelha Super Slim - Preto - Absolute New York,"R$ 45,90",0/5
Absolute New York,Lápis de Sobrancelha Super Slim - Castanho Escuro - Absolute New York,"R$ 45,90",0/5
Absolute New York,Lápis de Sobrancelha Super Slim - Castanho Claro - Absolute New York,"R$ 45,90",0/5
Absolute New York,Pincel para Contorno e Iluminador - Absolute New York,"R$ 45,90",0/5
Absolute New York,Delineador Perfect Eye - Preto - Absolute New York,"R$ 19,90",0/5
Absolute New York,Delineador Perfect Eye - Castanho Escuro - Absolute New York,"R$ 19,90",0/5
Absolute New York,Delineador Perfect Eye - Castanho - Absolute New York,"R$ 19,90",0/5
Absolute New York,Delineador Perfect Eye - Castanho Claro - Absolute New York,"R$ 19,90",0/5
Absolute New York,Delineador Perfect Eye - Branco - Absolute New York,"R$ 19,90",0/5
Absolute New York,Delineador Perfect Eye - Azul - Absolute New York,"R$ 19,90",0/5
Absolute New York,Delineador Perfect Lip - Ameixa - Absolute New York,"R$ 17,90",0/5
Absolute New York,Delineador Líquido Marker - Expert Script - Absolute New York,"R$ 106,90",0/5
Absolute New York,Delineador Líquido Marker - Arrow Script - Absolute New York,"R$ 106,90",0/5
Absolute New York,Paleta de Sombras - Verão Bronze - Absolute New York,"R$ 94,90",0/5
Absolute New York,Paleta de Sombras - Noites Quentes - Absolute New York,"R$ 94,90",0/5
Absolute New York,Paleta de Sombras - Hiper Pop - Absolute New York,"R$ 94,90",0/5
Absolute New York,Pó Solto HD Baking - Pêssego - Absolute New York,"R$ 77,90",0/5
Absolute New York,Pó Solto HD Baking - Banana - Absolute New York,"R$ 77,90",0/5
Absolute New York,Corretivo Caneta Click Cover - Neutro Claro - Absolute New York,"R$ 58,90",0/5
Absolute New York,Corretivo Caneta Click Cover - Subtom Amarelo Claro - Absolute New York,"R$ 58,90",0/5
Absolute New York,Corretivo Caneta Click Cover - Subtom Oliva Claro - Absolute New York,"R$ 58,90",0/5
Absolute New York,Corretivo Caneta Click Cover - Subtom Oliva Médio - Absolute New York,"R$ 58,90",0/5
Absolute New York,Corretivo Caneta Click Cover - Neutro Médio - Absolute New York,"R$ 58,90",0/5
Absolute New York,Corretivo Caneta Click Cover - Subtom Pêssego Médio - Absolute New York,"R$ 58,90",0/5
Absolute New York,Corretivo Caneta Click Cover - Subtom Rosa Médio - Absolute New York,"R$ 58,90",0/5
Absolute New York,Corretivo Caneta Click Cover - Subtom Amarelo Médio - Absolute New York,"R$ 58,90",0/5
Absolute New York,Corretivo Caneta Click Cover - Subtom Frio Escuro - Absolute New York,"R$ 58,90",0/5
Absolute New York,Corretivo Caneta Click Cover - Amarelo - Absolute New York,"R$ 58,90",0/5
Absolute New York,Corretivo Caneta Click Cover - Laranja - Absolute New York,"R$ 58,90",0/5
Absolute New York,Base e Corretivo 2 em 1 - Porcelana - Absolute New York,"R$ 106,90",0/5
Absolute New York,Base e Corretivo 2 em 1 - Nude - Absolute New York,"R$ 106,90",0/5
Absolute New York,Base e Corretivo 2 em 1 - Areia - Absolute New York,"R$ 106,90",0/5
Absolute New York,Base e Corretivo 2 em 1 - Bege - Absolute New York,"R$ 106,90",0/5
Absolute New York,Base e Corretivo 2 em 1 - Café - Absolute New York,"R$ 106,90",0/5
Absolute New York,Base e Corretivo 2 em 1 - Nozes - Absolute New York,"R$ 106,90",0/5
Absolute New York,Base e Corretivo 2 em 1 - Mocha - Absolute New York,"R$ 106,90",0/5
Absolute New York,Base e Corretivo 2 em 1 - Conhaque - Absolute New York,"R$ 106,90",0/5
Absolute New York,Base Cobertura Total - Linen - Absolute New York,"R$ 56,90",0/5
Absolute New York,Base Cobertura Total - Nude - Absolute New York,"R$ 56,90",0/5
Absolute New York,Base Cobertura Total - Golden - Absolute New York,"R$ 56,90",0/5
Absolute New York,Base Cobertura Total - Praline - Absolute New York,"R$ 56,90",0/5
Absolute New York,Base Cobertura Total - Toffee - Absolute New York,"R$ 56,90",0/5
Absolute New York,Base Cobertura Total - Pecan - Absolute New York,"R$ 56,90",0/5
Absolute New York,Base Cobertura Total - Walnut - Absolute New York,"R$ 56,90",0/5
Absolute New York,Pincel para Base - Absolute New York,"R$ 45,90",0/5
Absolute New York,Pincel para Contorno - Absolute New York,"R$ 32,90",0/5
Absolute New York,Pincel para Base Chanfrado - Absolute New York,"R$ 32,90",0/5
Absolute New York,Pincel Leque para Iluminador - Absolute New York,"R$ 21,90",0/5
Absolute New York,Pincel para Sombra Médio - Absolute New York,"R$ 21,90",0/5
Absolute New York,Pincel para Esfumar Sombra - Absolute New York,"R$ 21,90",0/5
Absolute New York,Pincel para Esfumar Sombra - Grande - Absolute New York,"R$ 21,90",0/5
Absolute New York,Pincel Cônico para Sombra - Absolute New York,"R$ 21,90",0/5
Absolute New York,Pincel Plano para Aplicar Sombra - Absolute New York,"R$ 21,90",0/5
Absolute New York,Pincel Achatado de Sombra - Absolute New York,"R$ 21,90",0/5
Absolute New York,Pincel Plano de Precisão - Absolute New York,"R$ 21,90",0/5
Absolute New York,Pincel de Precisão Angular - Absolute New York,"R$ 21,90",0/5
Absolute New York,Pincel 3 em 1 para Pó e Olhos - Absolute New York,"R$ 84,90",0/5
Absolute New York,Pincel 4 em 1 para Blush e Olhos - Absolute New York,"R$ 67,90",0/5
Absolute New York,Pincel 4 em 1 para Sombras e Lábios - Absolute New York,"R$ 33,90",0/5
Absolute New York,Pincel Duplo de Sobrancelha - Absolute New York,"R$ 21,90",0/5
Absolute New York,Máscara para Olhos Cooling de Pepino - Absolute New York,"R$ 51,90",0/5
Absolute New York,Base Líquida HD Flawless - Natural - Absolute New York,"R$ 89,90",0/5
Absolute New York,Base Líquida HD Flawless - Areia - Absolute New York,"R$ 89,90",0/5
Absolute New York,Base Líquida HD Flawless - Bege - Absolute New York,"R$ 89,90",0/5
Absolute New York,Base Líquida HD Flawless - Bronzeado - Absolute New York,"R$ 89,90",0/5
Absolute New York,Base Líquida HD Flawless - Mel - Absolute New York,"R$ 89,90",0/5
Absolute New York,Base Líquida HD Flawless - Caramelo - Absolute New York,"R$ 89,90",0/5
Absolute New York,Base Líquida HD Flawless - Amêndoa - Absolute New York,"R$ 89,90",0/5
Absolute New York,Base Líquida HD Flawless - Café - Absolute New York,"R$ 89,90",0/5
Absolute New York,Lápis Labial Duplo Perfect -Maça do Amor -Absolute New York,"R$ 39,90",0/5
Absolute New York,Delineador em Gel Glide e Glam Olhos - Azul Cobalto - Absolute New York,"R$ 39,90",0/5
Absolute New York,Delineador em Gel Glide e Glam Olhos - Castanho - Absolute New York,"R$ 39,90",0/5
Absolute New York,Delineador em Gel Glide e Glam Olhos - Bronze Khaki - Absolute New York,"R$ 39,90",0/5
Absolute New York,Delineador em Gel Glide e Glam Olhos - Cobre - Absolute New York,"R$ 39,90",0/5
Absolute New York,Delineador em Gel Glide e Glam Olhos - Rose Gold - Absolute New York,"R$ 39,90",0/5
Absolute New York,Delineador em Gel Glide e Glam Olhos - Branco Pérola - Absolute New York,"R$ 39,90",0/5
Absolute New York,Delineador em Gel Labial Glide e Glam - Ameixa - Absolute New York,"R$ 35,90",0/5
Absolute New York,Delineador em Gel Labial Glide e Glam - Berry - Absolute New York,"R$ 35,90",0/5
Absolute New York,Delineador em Gel Labial Glide e Glam - Vermelho Retrô - Absolute New York,"R$ 35,90",0/5
Absolute New York,Delineador em Gel Labial Glide e Glam - Rosa Suave - Absolute New York,"R$ 35,90",4/5
Absolute New York,Delineador em Gel Labial Glide e Glam - Castanho Nude - Absolute New York,"R$ 35,90",0/5
Absolute New York,Lápis de Sobrancelha - Preto - Absolute New York,"R$ 49,90",0/5
Absolute New York,Lápis de Sobrancelha - Castanho Escuro - Absolute New York,"R$ 49,90",0/5
Absolute New York,Lápis de Sobrancelha - Marrom Escuro - Absolute New York,"R$ 49,90",0/5
Absolute New York x InstaBeauty,Cílios Postiços Super Soft Garnet 309 - Absolute New York x InstaBeauty,"R$ 24,90",0/5
Absolute New York x InstaBeauty,Cílios Postiços Super Soft Garnet 310 - Absolute New York x InstaBeauty,"R$ 24,90",0/5
Absolute New York x InstaBeauty,Unhas Autoadesivas Curta Amazon Green - Absolute New York x InstaBeauty,"R$ 37,90",0/5
Absolute New York x InstaBeauty,Unhas Autoadesivas Média Amazon Green - Absolute New York x InstaBeauty,"R$ 37,90",0/5
Absolute New York x InstaBeauty,Unhas Autoadesivas Curta Candy Red - Absolute New York x InstaBeauty,"R$ 37,90",0/5
Absolute New York x InstaBeauty,Unhas Autoadesivas Curta Cobalt Blue - Absolute New York x InstaBeauty,"R$ 37,90",0/5
Absolute New York x InstaBeauty,Unhas Autoadesivas Média Eclipse Black- Absolute New York x InstaBeauty,"R$ 37,90",0/5
Absolute New York x InstaBeauty,Unhas Autoadesivas Média Magic Black- Absolute New York x InstaBeauty,"R$ 37,90",0/5
Absolute New York x InstaBeauty,Unhas Autoadesivas Curta Mahogany Red - Absolute New York x InstaBeauty,"R$ 37,90",0/5
Absolute New York x InstaBeauty,Unhas Autoadesivas Curta Martin Orange - Absolute New York x InstaBeauty,"R$ 37,90",0/5
Absolute New York x InstaBeauty,Unhas Autoadesivas Médio Martin Orange - Absolute New York x InstaBeauty,"R$ 37,90",0/5
Absolute New York x InstaBeauty,Unhas Autoadesivas Curta Reddish Black - Absolute New York x InstaBeauty,"R$ 37,90",0/5
Absolute New York x InstaBeauty,Unhas Autoadesivas Média Snow White - Absolute New York x InstaBeauty,"R$ 37,90",0/5
Absolute New York x InstaBeauty,Unhas Autoadesivas Média Tea Brown - Absolute New York x InstaBeauty,"R$ 37,90",0/5
Absolute New York,Caneta Delineadora Líquida Nano - Absolute New York,"R$ 45,90",0/5
Absolute New York,Caneta Delineadora Líquida Shape & Define - Absolute New York,"R$ 51,90",0/5
Absolute New York,Pincel para Pó - Absolute New York,"R$ 45,90",0/5
Alva,Desodorante Spray Cristal Natural Lavanda Vegano 120ml - Alva,"R$ 52,20",0/5
Alva,Desodorante Cristal Stick Vegano Natural 60g - Alva,"R$ 67,50",5/5
Alva,Desodorante Cristal Stick Vegano 120g - Alva,"R$ 85,50",5/5
Alva,Raspador de Língua de Cobre - Alva,"R$ 52,20",5/5
Alva,Desodorante Stick Infantil Camomila Vegano 33g - Alva,"R$ 40,50",5/5
Alva,Desodorante Spray Cristal Natural Sem Perfume Vegano 120ml - Alva,"R$ 52,20",5/5
Bauny Cosméticos,Iluminador Compacto - Cor 040 - Bauny Cosméticos,"R$ 49,90",0/5
Bauny Cosméticos,Pó Compacto FPS25 - Cor 070 - Bauny Cosméticos,"R$ 37,90",0/5
Bauny Cosméticos,Pó Compacto FPS25 - Cor 080 - Bauny Cosméticos,"R$ 37,90",0/5
Bauny Cosméticos,Paleta de Sombras - Basic - Bauny Cosméticos,"R$ 31,90",0/5
Bauny Cosméticos,Base Líquida Matte FPS25 - Cor 100 - Bauny Cosméticos,"R$ 30,90",0/5
Bauny Cosméticos,Base Líquida Matte FPS25 - Cor 110 - Bauny Cosméticos,"R$ 30,90",0/5
Bauny Cosméticos,Base Líquida Matte FPS25 - Cor 120 - Bauny Cosméticos,"R$ 30,90",0/5
Bauny Cosméticos,Pó Compacto FPS25 - Cor 120 - Bauny Cosméticos,"R$ 37,90",0/5
Bauny Cosméticos,Pó Solto Facial - Cor 030 - Bauny Cosméticos,"R$ 49,90",0/5
Bauny Cosméticos,Gloss Hidra Luminous 3D - Blossom Glow - Bauny Cosméticos,"R$ 39,90",0/5
Bauny Cosméticos,Gloss Hidra Luminous 3D - Chic Glow - Bauny Cosméticos,"R$ 39,90",0/5
Bauny Cosméticos,Gloss Hidra Luminous 3D - Choco Glow - Bauny Cosméticos,"R$ 39,90",0/5
Bauny Cosméticos,Gloss Hidra Luminous 3D - Peach Glow - Bauny Cosméticos,"R$ 39,90",0/5
Bauny Cosméticos,Gloss Hidra Luminous 3D - Ruby Glow - Bauny Cosméticos,"R$ 39,90",0/5
Bauny Cosméticos,Gloss Vinil - Coral Be Funny - Bauny Cosméticos,"R$ 39,90",0/5
Bauny Cosméticos,Gloss Vinil - Incolor Be Glossy - Bauny Cosméticos,"R$ 39,90",0/5
Bauny Cosméticos,Gloss Vinil - Malva Clássico Be You - Bauny Cosméticos,"R$ 39,90",0/5
Bauny Cosméticos,Gloss Vinil - Nude Caramelo Be Free - Bauny Cosméticos,"R$ 39,90",0/5
Bauny Cosméticos,Gloss Vinil - Rosa Fucsia Be Crazy - Bauny Cosméticos,"R$ 39,90",0/5
Bauny Cosméticos,Lápis Delineador de Lábios Rosa - Bauny Cosméticos,"R$ 29,90",0/5
Bauny Cosméticos,Lápis Delineador de Lábios Vermelho - Bauny Cosméticos,"R$ 29,90",0/5
Bauny Cosméticos,Lápis Delineador de Lábios Vinho - Bauny Cosméticos,"R$ 29,90",0/5
Bauny Cosméticos,Base Líquida Matte FPS25 - Cor 010 - Bauny Cosméticos,"R$ 30,90",0/5
Bauny Cosméticos,Base Líquida Matte FPS25 - Cor 030 - Bauny Cosméticos,"R$ 30,90",0/5
Bauny Cosméticos,Base Líquida Matte FPS25 - Cor 070 - Bauny Cosméticos,"R$ 30,90",0/5
Bauny Cosméticos,Batom Líquido Matte - Cor 010 - Bauny Cosméticos,"R$ 22,90",0/5
Bauny Cosméticos,Batom Líquido Matte - Cor 020 - Bauny Cosméticos,"R$ 22,90",0/5
Bauny Cosméticos,Batom Líquido Matte - Cor 040 - Bauny Cosméticos,"R$ 22,90",0/5
Bauny Cosméticos,Batom Líquido Matte - Cor 050 - Bauny Cosméticos,"R$ 22,90",0/5
Bauny Cosméticos,Batom Líquido Matte - Cor 060 - Bauny Cosméticos,"R$ 22,90",0/5
Bauny Cosméticos,Blush Compacto Cor 040 - Bauny Cosméticos,"R$ 42,90",0/5
Bauny Cosméticos,Blush Compacto Cor 060 - Bauny Cosméticos,"R$ 42,90",0/5
Bauny Cosméticos,Lápis Delineador - Preto - Bauny Cosméticos,Esgotado,0/5
Bauny Cosméticos,Lápis de Sobrancelha - Universal - Bauny Cosméticos,Esgotado,0/5
Bauny Cosméticos,Lapiseira Retrátil - Preta - Bauny Cosméticos,Esgotado,0/5
Bauny Cosméticos,Máscara de Cílios - Super Size - Bauny Cosméticos,Esgotado,0/5
Bauny Cosméticos,Máscara de Cílios - Great Volume - Bauny Cosméticos,Esgotado,0/5
Bauny Cosméticos,Paleta de Sombras - Essentials - Bauny Cosméticos,Esgotado,0/5
Bauny Cosméticos,Corretivo Líquido - 70-80 - Bauny Cosméticos,Esgotado,0/5
Bauny Cosméticos,Corretivo Líquido - 90-100 - Bauny Cosméticos,Esgotado,0/5
Bauny Cosméticos,Pó Compacto FPS25 - Cor 100 - Bauny Cosméticos,Esgotado,0/5
Bauny Cosméticos,Pó Solto Facial - Cor 020 - Bauny Cosméticos,Esgotado,0/5
Bauny Cosméticos,Gloss Hidra Luminous 3D - Light Glow - Bauny Cosméticos,Esgotado,0/5
Bauny Cosméticos,Gloss Vinil - Malva Frio Be Brave - Bauny Cosméticos,Esgotado,0/5
Bauny Cosméticos,Lápis Delineador de Lábios Nude - Bauny Cosméticos,Esgotado,0/5
Bauny Cosméticos,Lapiseira Retrátil para Olhos Marrom - Bauny Cosméticos,Esgotado,0/5
Bauny Cosméticos,Base Líquida Matte FPS25 - Cor 050 - Bauny Cosméticos,Esgotado,0/5
Bauny Cosméticos,Blush Compacto Cor 020 - Bauny Cosméticos,Esgotado,0/5
Bauny Cosméticos,Corretivo Líquido - 30-40 - Bauny Cosméticos,Esgotado,0/5
Bauny Cosméticos,Corretivo Líquido - 50-60 - Bauny Cosméticos,Esgotado,0/5
Bauny Cosméticos,Iluminador Compacto - Cor 010 - Bauny Cosméticos,Esgotado,0/5
Boca Rosa Beauty,Blush Líquido Tint Cream - Live - Boca Rosa Beauty,"R$ 34,90",0/5
Boca Rosa Beauty,Paleta de Sombras Metaverse - Boca Rosa Beauty,"R$ 76,90",0/5
Boca Rosa,Paleta De Blush #CarinhaDeMetida - Boca Rosa,Esgotado,5/5
Boca Rosa,Lapiseira Kajal Carbon Black #Blackout - Boca Rosa,Esgotado,0/5
Boca Rosa,Batom Líquido Mate #BocaRosaQueimado - Boca Rosa,Esgotado,5/5
Boca Rosa,Batom Líquido Mate #BocaRosaNude - Boca Rosa,Esgotado,5/5
Boca Rosa Beauty,Pó Solto Iluminador Flash - Boca Rosa Beauty,Esgotado,5/5
Boca Rosa Beauty,Pó Solto Iluminador Oops - Boca Rosa Beauty,Esgotado,0/5
Boca Rosa,Corretivo Líquido - Cor 1.5 Petúnia - Boca Rosa,Esgotado,0/5
Broadway,Cílios Postiços Fios Naturais 20 - Broadway,"R$ 17,90",0/5
Broadway,Cílios Postiços Fios Naturais K36 - Broadway,"R$ 17,90",0/5
Broadway,Cílios Postiços Fios Naturais 523 - Broadway,"R$ 17,90",0/5
Broadway,Cílios Postiços Fios Naturais 46 - Broadway,"R$ 17,90",0/5
Broadway,Cílios Postiços Fios Naturais 99 - Broadway,"R$ 17,90",0/5
Broadway,Cílios Postiços Fios Naturais 12 - Broadway,"R$ 17,90",0/5
Broadway,Cílios Postiços Fios Naturais 213 - Broadway,"R$ 17,90",0/5
Broadway,Cílios Postiços Fios Naturais 747M - Broadway,"R$ 17,90",0/5
Broadway,Cílios Postiços Fios Naturais -Nº 79 - Broadway,"R$ 17,90",0/5
Broadway,Cilios Postiços 5D 02 - Broadway,"R$ 14,90",0/5
Broadway,Cilios Postiços 5D 03 - Broadway,"R$ 14,90",0/5
Broadway,Cilios Postiços 5D 04 - Broadway,"R$ 14,90",0/5
Broadway,Cilios Postiços 5D 05 - Broadway,"R$ 14,90",0/5
Broadway,Cilios Postiços 5D 06 - Broadway,"R$ 14,90",0/5
Broadway,Cílios Postiços 5D Pacote Econômico 5un - Broadway,"R$ 49,90",0/5
BM Skin,All Grape Solução Antioxidante Tônico - BM Skin,"R$ 109,90",0/5
BM Skin,Cleasing Oil Melt Grape - BM Skin,"2x de R$ 84,50 sem juros",5/5
BM Skin,Gel de Limpeza Facial Clean Grape - BM Skin,"R$ 84,90",5/5
+ VENDIDO,+ VENDIDO,"R$ 99,90",5/5
BM Beauty,Iluminador em Gel Marmalade - Caramel - BM Beauty,"R$ 99,90",0/5
BM Beauty,Iluminador em Gel Marmalade - Candy Rose - BM Beauty,"R$ 99,90",0/5
BM Beauty,Pó Solto Seal Up - Translucent Medium - BM Beauty,"R$ 99,90",5/5
BM Beauty,Pó Solto Seal Up - Translucent Bright - BM Beauty,"R$ 99,90",4/5
BM Beauty,Pó Solto Seal Up - Translucent Banana - BM Beauty,"R$ 99,90",5/5
+ VENDIDO,+ VENDIDO,"R$ 89,90",4/5
+ VENDIDO,+ VENDIDO,"R$ 89,90",4/5
BM Beauty,Find Glow Bruma Fixante - BM Beauty,"R$ 89,90",5/5
BM Beauty,Iluminador em Gel Marmalade - Marshmallow - BM Beauty,"R$ 99,90",5/5
BM Beauty,Be Peach Blush e Batom Peach - BM Beauty,"R$ 84,90",0/5
BM Beauty,Be Peach Blush e Batom Guava - BM Beauty,"R$ 72,93",0/5
BM Beauty,Iluminador em Pó Shine Dust - Gold Divine - BM Beauty,"R$ 74,90",0/5
BM Beauty,Fix Care - BM Beauty,"R$ 94,90",5/5
BM Beauty,Light Up - Pó Para Área Dos Olhos - Light Golden - BM Beauty,"R$ 89,90",4/5
BM Beauty,Light Up - Pó Para Área Dos Olhos - Light Crystal - BM Beauty,"R$ 89,90",4/5
BM Beauty,Máscara de Sobrancelhas Brow Stay - BM Beauty,"R$ 89,90",0/5
BM Beauty,Be Peach Contorno - Cacau 40% - BM Beauty,"R$ 89,90",0/5
BM Beauty,Be Peach Contorno - Cacau 60% - BM Beauty,"R$ 89,90",0/5
BM Beauty,Be Peach Contorno - Cacau 80% - BM Beauty,"R$ 89,90",0/5
BM Beauty,Kit Adeus Olheiras - BM Beauty,"R$ 174,80",0/5
BM Beauty,Pó Solto Seal UP - Translucent - BM Beauty,Esgotado,4/5
BM Beauty,Be Peach Blush e Batom Pitanga - BM Beauty,Esgotado,0/5
BM Beauty,Be Peach Blush e Batom Papaya - BM Beauty,Esgotado,0/5
BM Beauty,Be Peach Blush e Batom Pitaya - BM Beauty,Esgotado,0/5
BM Beauty,Iluminador em Pó Shine Dust - Champagne - BM Beauty,Esgotado,0/5
BM Beauty,Iluminador em Pó Shine Dust - Rose Gold - BM Beauty,Esgotado,0/5
BM Beauty,Be Peach Contorno - Cacau 100% - BM Beauty,Esgotado,0/5
BM Beauty,Mini Kit Skin Care BM Skin - BM Beauty,Esgotado,0/5
BM Skin,Kit Fine Grape - BM Skin,"3x de R$ 74,93 sem juros",0/5
Bruna Tavares,Blush Líquido - Hello Kitty - Bruna Tavares,"R$ 65,90",0/5
Bruna Tavares,Sombra Líquida - Hello Kitty - Bruna Tavares,"R$ 65,90",0/5
Bruna Tavares,Iluminador Líquido - Hello Kitty - Bruna Tavares,"R$ 65,90",0/5
Bruna Tavares,Lip Oil - Hello Kitty - Bruna Tavares,"R$ 65,90",0/5
Bruna Tavares,Batom Bala BT Lux+ - Bruna Tavares,"R$ 29,90",5/5
Bruna Tavares,Gloss Labial Kingdom - Disney Wish - Bruna Tavares,"R$ 28,90",0/5
Bruna Tavares,Paleta de Sombras Magic in Every Wish - Disney Wish - Bruna Tavares,"R$ 79,90",0/5
Bruna Tavares,BT Plush Queen Amaya - Disney Wish - Bruna Tavares,"R$ 34,90",0/5
Bruna Tavares,BT Plush Asha - Disney Wish - Bruna Tavares,"R$ 34,90",0/5
Bruna Tavares,Sombra Líquida Magnific - Disney Wish - Bruna Tavares,"R$ 38,90",0/5
Bruna Tavares,Iluminador Corporal Star - Disney Wish - Bruna Tavares,"R$ 49,90",0/5
Bruna Tavares,BT Space Gloss e Sombra Alien - Bruna Tavares,"R$ 35,92",0/5
Bruna Tavares,BT Space Gloss e Sombra Spaceship - Bruna Tavares,"R$ 35,92",0/5
Bruna Tavares,BT Space Gloss e Sombra Ufo - Bruna Tavares,"R$ 35,92",0/5
Bruna Tavares,BT Space Gloss e Sombra Interstellar - Bruna Tavares,"R$ 35,92",0/5
Bruna Tavares,BT Alien Sombra e Delineador Neon - Bruna Tavares,"R$ 35,92",0/5
Bruna Tavares,BT Alien Sombra e Delineador Green Neon - Bruna Tavares,"R$ 35,92",0/5
Bruna Tavares,BT Lipshape Beige Camel - Lapiseira Labial - Bruna Tavares,"R$ 26,90",0/5
Bruna Tavares,BT Lipshape Beige Rosé - Lapiseira Labial - Bruna Tavares,"R$ 26,90",0/5
Bruna Tavares,BT Lipshape Rose Brown - Lapiseira Labial - Bruna Tavares,"R$ 26,90",0/5
Fini,Hidratante Labial Carmed - Fini,"R$ 25,90",0/5
Daymakeup,Pincel Para Pó Cónico Grande O128 - Daymakeup,"R$ 59,00",0/5
Daymakeup,Pincel Para Base Angled Foundantio Brush F48 - Daymakeup,"R$ 59,00",0/5
Daymakeup,Pincel Para Mascara de Cílios F52 - Daymakeup,"R$ 49,00",0/5
Daymakeup,Pincel Multifuncional F98 - Daymakeup,"R$ 119,00",0/5
Daymakeup,"Pincel Para Pó, Liquido e Cremosos F80 - Daymakeup","R$ 119,00",0/5
Daymakeup,Pincel Iluminador Em Forma de Leque Cerdas Curtas F77 - Daymakeup,"R$ 54,90",0/5
Daymakeup,Pincel Para Pó de Cerdas Longas F97 - Daymakeup,"R$ 69,00",0/5
DayMakeup,Pincel Iluminador F94 - DayMakeup,"R$ 59,00",0/5
Daymakeup,Pincel Para Corretivo Angular F91 - Daymakeup,"R$ 59,00",0/5
Daymakeup,Pincel Sombra Curta Em Forma de Leque F76 - Daymakeup,"R$ 59,00",0/5
Daymakeup,Pincel Contorno Small Contour Brush F43 - Daymakeup,"R$ 59,00",0/5
Daymakeup,Kit 9 Pinceis Starting Pro - Daymakeup,"4x de R$ 62,25 sem juros",0/5
Daymakeup,Mochila Beauty Pro - Daymakeup,"6x de R$ 86,50 sem juros",0/5
Daymakeup,Kit Bags Small Mediun Large - Daymakeup,"3x de R$ 66,33 sem juros",0/5
Daymakeup,Pincel Soft Delineador Angular O106 - Daymakeup,"R$ 36,90",0/5
Daymakeup,Kit de Pincéis Profissionais 22 Peças - Daymakeup,"6x de R$ 83,17 sem juros",0/5
Daymakeup,Kit de Pincéis de Precisão PRO - Daymakeup,"2x de R$ 89,95 sem juros",0/5
Daymakeup,Kit de Pincéis Profissionais Blend - Daymakeup,"6x de R$ 86,50 sem juros",0/5
Daymakeup,Kit de Pincéis para Esfumar - Daymakeup,"4x de R$ 74,75 sem juros",0/5
Daymakeup,Pincel P/ Pele Silicone F280 - Daymakeup,"R$ 59,00",0/5
Daymakeup,Pincel Duo Fiber Pequeno F223 - Daymakeup,"R$ 49,90",0/5
Daymakeup,Pincel Kabuki Soft Sensations Mid F66 - Daymakeup,"R$ 59,90",0/5
Daymakeup,Pincel Kabuki Soft Sensations F62 - Daymakeup,"R$ 59,90",0/5
Daymakeup,Pincel Fan Soft Médio F50 - Daymakeup,"R$ 49,90",0/5
Daymakeup,Pincel Mask Foundation F46 - Daymakeup,"R$ 59,90",0/5
Daymakeup,Pincel Para Contorno Foundation Brush F44 - Daymakeup,"R$ 49,90",0/5
Daymakeup,Pincel Marcação Angular F41 - Daymakeup,"R$ 59,90",0/5
Daymakeup,Pincel De Contorno Soft F40 - Daymakeup,"R$ 99,90",0/5
Daymakeup,Pincel Kabuki Soft Sensations F36 - Daymakeup,"R$ 99,90",0/5
Daymakeup,Pincel Chanfrado Soft Sensations F34 - Daymakeup,"R$ 99,90",0/5
Daymakeup,Pincel Highlight Definition Iluminador F29 - Daymakeup,"R$ 59,90",0/5
Daymakeup,Pincel Cerdas Curtas F27 - Daymakeup,"R$ 69,00",0/5
Daymakeup,Pincel Soft Conico Medio Para Base F11 - Daymakeup,"R$ 59,90",0/5
Daymakeup,Pincel Duo Fiber Chato Pequeno F08 - Daymakeup,"R$ 59,90",0/5
Daymakeup,Pincel Duo Fiber Pequeno F07 - Daymakeup,"R$ 99,90",0/5
Daymakeup,Pincel Soft Grande Para Pó F04 - Daymakeup,"R$ 99,90",0/5
Daymakeup,Bracelete Limpador de Pincéis a Seco - Daymakeup,"R$ 59,00",0/5
Daymakeup,Nécessaire de Nylon Grande - Daymakeup,"R$ 79,00",0/5
Daymakeup,Mochila de Maquiagem - Daymakeup,"6x de R$ 119,83 sem juros",0/5
Daymakeup,Pincel de Precisão Para Esfumar O142 - Daymakeup,"R$ 49,90",0/5
Daymakeup,Pincel Para Esfumar Pequeno O139 - Daymakeup,"R$ 49,90",0/5
Daymakeup,Pro Makeup Brush Book Livro para Pincéis - Daymakeup,"3x de R$ 66,63 sem juros",0/5
Daymakeup,Cílios Postiços #747L - Human Hair - Daymakeup,"R$ 17,90",0/5
Daymakeup,Cílios Postiços #212 - Daymakeup,"R$ 19,90",0/5
Daymakeup,Cílios Postiços #219 - Daymakeup,"R$ 19,90",0/5
Daymakeup,Pincel Para Corretivo F49 - Daymakeup,"R$ 59,90",0/5
Daymakeup,Pincel Para Sombra Eye Shadow Brush O126 - Daymakeup,"R$ 59,90",0/5
Daymakeup,Pincel Para Esfumar Blending Brush O134 - Daymakeup,"R$ 59,90",0/5
Daymakeup,Pincel Artístico Pequeno A311 - Daymakeup,"R$ 49,90",0/5
Daymakeup,Pincel Artístico Médio A312 - Daymakeup,"R$ 49,90",0/5
Daymakeup,Pincel Artístico Grande A313 - Daymakeup,"R$ 59,90",0/5
Daymakeup,Pincel Duo para Sobrancelhas O150 - Daymakeup,"R$ 49,90",0/5
Daymakeup,Pincel Multifuncional para Corretivo e Base F95 - Daymakeup,"R$ 79,90",0/5
Daymakeup,Esponja de Maquiagem Coral - Daymakeup,"R$ 33,90",0/5
Daymakeup,Pincel Para Base Foundation Makeup Brush F57 - Daymakeup,"R$ 59,00",0/5
Ecotools,Jade Roller Massageador Facial - Ecotools,"R$ 92,90",0/5
EcoTools,Mini Rolo Massageador Quartzo Rosa - EcoTools,"R$ 89,90",0/5
EcoTools,Kit de Pincéis Wake Up + Glow - EcoTools,"2x de R$ 72,45 sem juros",0/5
EcoTools,Duo de Pincéis Total Senses - EcoTools,"R$ 99,90",0/5
EcoTools,Kit com 5 Pincéis Holiday Vibes - EcoTools,"2x de R$ 79,95 sem juros",0/5
Ecotools,Esponja Blender de Aperfeiçoamento de Contorno - Ecotools,Esgotado,0/5
Anel peniano com estimulador de clitóris Enjoy Love Couples Rose,Anel peniano com estimulador de clitóris Enjoy Love Couples Rose,"R$ 179,90",0/5
Sugador de Clitóris Enjoy Love Luminous Rose,Sugador de Clitóris Enjoy Love Luminous Rose,"R$ 99,90",5/5
Roxo,Vibrador Dupla Penetração Enjoy Love Crazy - Roxo,"4x de R$ 74,98 sem juros",5/5
Roxo,Vibrador 3 em 1 Ponto G Enjoy Love Harmony - Roxo,"4x de R$ 62,48 sem juros",0/5
Vermelho,Vibrador e estimulador de clitóris 2 em 1 Enjoy Love Kiss Me - Vermelho,"4x de R$ 74,75 sem juros",5/5
Vibrador Varinha Mágica 20 velocidades Enjoy Love Intense,Vibrador Varinha Mágica 20 velocidades Enjoy Love Intense,"R$ 29,99",0/5
Rosa,Vibrador feminino calcinha controlado por aplicativo a distância Enjoy Love Sensation - Rosa,"R$ 149,90",0/5
Estimulador de Clitóris Língua Enjoy Love Roxo,Estimulador de Clitóris Língua Enjoy Love Roxo,"2x de R$ 72,95 sem juros",0/5
Pink,Vibrador e Sugador de Clitóris 3 em 1 Enjoy Love Delirium - Pink,"R$ 129,90",5/5
Preto,Vibrador e Sugador de Clitóris 3 em 1 Enjoy Love Delirium - Preto,"R$ 129,90",5/5
Roxo,Vibrador e Sugador de Clitóris 3 em 1 Enjoy Love Delirium - Roxo,"R$ 129,90",5/5
Enjoy Love Sensation Roxo,Vibrador feminino calcinha controlado por aplicativo a distância - Enjoy Love Sensation Roxo,"R$ 149,90",5/5
Vibrador para casal 10 velocidades Enjoy Love Daze,Vibrador para casal 10 velocidades Enjoy Love Daze,"R$ 129,90",0/5
Estimulador de Clitóris Língua Enjoy Love Rosa,Estimulador de Clitóris Língua Enjoy Love Rosa,"2x de R$ 72,95 sem juros",0/5
Sugador de Clitóris Enjoy Love Red Rose,Sugador de Clitóris Enjoy Love Red Rose,"2x de R$ 72,95 sem juros",5/5
Sugador de Clitóris com 10 Modos de Sucção Enjoy Love Fofuxo,Sugador de Clitóris com 10 Modos de Sucção Enjoy Love Fofuxo,"R$ 139,91",0/5
Vibrador e Estimulador de Clitóris 3 em 1 Enjoy Love Frenezi,Vibrador e Estimulador de Clitóris 3 em 1 Enjoy Love Frenezi,"5x de R$ 69,98 sem juros",0/5
Sugador de Clitóris e Vibrador 2 em 1 Enjoy Love Symphony,Sugador de Clitóris e Vibrador 2 em 1 Enjoy Love Symphony,"4x de R$ 74,98 sem juros",0/5
Farmaervas,Tônico Capilar Antiqueda IPA 30ml - Urban Men - Farmaervas,"R$ 37,90",0/5
Fave,Espuma de Limpeza Suave 150ml - Fave,"R$ 63,90",0/5
Fran by Franciny Elkhe,Kit Fran Glosslicious - Fran by Franciny Elkhe,"R$ 85,90",5/5
Fran by Franciny Ehlke,Paleta de Contorno Your Browns - Fran by Franciny Ehlke,"2x de R$ 64,95 sem juros",0/5
Fran by Franciny Ehlke,Paleta de Blushes Beach Face - Fran by Franciny Ehlke,"2x de R$ 64,95 sem juros",0/5
Fran by Franciny Ehlke,Batom Líquido Matte Xoxo - Fran by Franciny Ehlke,"R$ 39,90",0/5
Fran by Franciny Ehlke,Gloss Labial Glossip Girl - Fran by Franciny Ehlke,"R$ 39,90",0/5
Fran by Franciny Ehlke,Gloss Labial Glossip Gold - Fran by Franciny Ehlke,"R$ 39,90",0/5
Fran by Franciny Ehlke,Gloss Labial Lipchilli Aumento e Volume - Fran by Franciny Ehlke,"R$ 49,90",0/5
Fran by Franciny Ehlke,Corretivo Stick Cover E-01 - Fran by Franciny Ehlke,"R$ 49,90",0/5
Fran by Franciny Ehlke,Corretivo Stick Cover E-02 - Fran by Franciny Ehlke,"R$ 49,90",0/5
Fran by Franciny Ehlke,Pó Facial Solto Plush 01 - Fran by Franciny Ehlke,"R$ 55,90",0/5
Fran by Franciny Ehlke,Base Líquida Matte Real Filter C-01 - Fran by Franciny Ehlke,"R$ 59,90",0/5
Fran by Franciny Ehlke,Base Líquida Matte Real Filter M-01 - Fran by Franciny Ehlke,"R$ 59,90",0/5
Fran by Franciny Ehlke,Stick Tint Balm Wine - Fran by Franciny Ehlke,"R$ 45,90",0/5
Fran by Franciny Ehlke,Scrub Stick Balm Bamboo - Fran by Franciny Ehlke,"R$ 45,90",0/5
Fran by Franciny Ehlke,Sabonete Líquido Facial Detox - Fran by Franciny Ehlke,"R$ 45,90",0/5
Fran by Franciny Ehlke,Sérum Facial C10 Vitamina C - Fran by Franciny Ehlke,"R$ 79,90",0/5
Fran by Franciny Ehlke,Demaquilante Cleansing Oil Get Off Make Up - Fran by Franciny Ehlke,"R$ 59,90",0/5
Fran by Franciny Ehlke,Paleta de Sombras Brasil Edição Limitada - Fran by Franciny Ehlke,"R$ 76,90",0/5
Fran by Franciny Ehlke,Gloss Labial ChocoChilli Edição Limitada - Fran by Franciny Ehlke,"R$ 51,90",0/5
Kit Boquinha Contornada,Kit Boquinha Contornada,Esgotado,0/5
Fran by Franciny Ehlke,Caneta Delineadora PullPen - Fran by Franciny Ehlke,Esgotado,0/5
Fran by Franciny Ehlke,Máscara para Cílios Maravicherry - Fran by Franciny Ehlke,Esgotado,0/5
Fran by Franciny Ehlke,Lapiseira Retrátil PullPencil - Fran by Franciny Ehlke,Esgotado,0/5
Fran by Franciny Ehlke,Paleta de Iluminadores Gritani - Fran by Franciny Ehlke,Esgotado,0/5
Fran by Franciny Ehlke,Paleta de Sombras Nine - Fran by Franciny Ehlke,Esgotado,0/5
Fran by Franciny Ehlke,Batom Líquido Matte Clarice - Fran by Franciny Ehlke,Esgotado,0/5
Fran by Franciny Ehlke,Pó Facial Solto Plush 02 - Fran by Franciny Ehlke,Esgotado,0/5
Fran by Franciny Ehlke,Base Líquida Matte Real Filter C-02 - Fran by Franciny Ehlke,Esgotado,0/5
Fran by Franciny Ehlke,Base Líquida Matte Real Filter C-03 - Fran by Franciny Ehlke,Esgotado,0/5
Fran by Franciny Ehlke,Base Líquida Matte Real Filter C-04 - Fran by Franciny Ehlke,Esgotado,0/5
Fran by Franciny Ehlke,Base Líquida Matte Real Filter M-02 - Fran by Franciny Ehlke,Esgotado,0/5
Fran by Franciny Ehlke,Stick Tint Balm Pink - Fran by Franciny Ehlke,Esgotado,0/5
Fran by Franciny Elhke,Fixador de Maquiagem Power Finish - Fran by Franciny Elhke,Esgotado,0/5
LipHoney e ChocoChilli Gloss Fran By Franciny Ehlke Kit,LipHoney e ChocoChilli Gloss Fran By Franciny Ehlke Kit,"R$ 113,99",5/5
LipHoney e GlossLicious Kit Gloss Fran By Franciny Ehlke,LipHoney e GlossLicious Kit Gloss Fran By Franciny Ehlke,"R$ 153,99",5/5
Frederika Make,Batom Líquido Rubi - Frederika Make,"R$ 21,90",0/5
Frederika Make,Blusher Blush Líquido Canyon - Frederika Make,"R$ 17,90",0/5
Frederika Make,Blusher Blush Líquido Fancy - Frederika Make,"R$ 17,90",0/5
Frederika Make,Corretivo Stick 2 em 01 - Cor 10 - Frederika Make,Esgotado,0/5
Frederika Make,Perfect Blush Compacto Ballet - Frederika Make,Esgotado,0/5
Frederika Make,Perfect Blush Compacto Pink Lemonade - Frederika Make,Esgotado,0/5
Frederika Make,Batom Líquido Lichia - Frederika Make,Esgotado,0/5
Frederika Make,Batom Líquido Brulée - Frederika Make,Esgotado,0/5
Frederika Make,Máscara de Cílios Vibrant Lashes - Frederika Make,Esgotado,0/5
Frederika Make,Gel Tint Baby Paprika - Frederika Make,Esgotado,0/5
Frederika Make,Bronzer Acapulco Linha Solar - Frederika Make,Esgotado,0/5
Frederika Make,Bronzer Cancún Linha Solar - Frederika Make,Esgotado,0/5
Frederika Make,Iluminador Líquido Sol - Frederika Make,Esgotado,0/5
Frederika Make,Iluminador Líquido Sunset - Frederika Make,Esgotado,0/5
Frederika Make,Bronzer e Contorno Líquido Bronzed Tawny - Frederika Make,Esgotado,0/5
Frederika Make,Blusher Blush Líquido Hot - Frederika Make,Esgotado,0/5
Frederika Make,Blusher Blush Líquido Kisses - Frederika Make,Esgotado,0/5
Frederika Make,Blusher Blush Líquido Peach - Frederika Make,Esgotado,0/5
Frederika Make,Blusher Blush Líquido Rust - Frederika Make,Esgotado,0/5
Frederika Make,Sombra Líquida Vanilla Ice Funny - Frederika Make,Esgotado,0/5
Gusttavo Lima,Body Spray Perfume Corporal - Embaixador - Gusttavo Lima,"R$ 85,90",0/5
Gusttavo Lima,Perfume Embaixador Miami 305 100ml Deo Colonia - Gusttavo Lima,"3x de R$ 73,30 sem juros",0/5
Gusttavo Lima,Perfume Embaixador for Her 100ml Deo Colonia - Gusttavo Lima,"3x de R$ 66,33 sem juros",0/5
Kit Máscara Lamelar e SuperMáscara Acidificante Haskell,Kit Máscara Lamelar e SuperMáscara Acidificante Haskell,"R$ 99,54",0/5
Haskell Cosméticos,Condicionador Tutano Vegetal 300ml - Haskell Cosméticos,"R$ 41,90",0/5
Haskell Cosméticos,Shampoo Tutano Vegetal 300ml - Haskell Cosméticos,"R$ 41,90",0/5
Haskell Cosméticos,Condicionador Infusão de Óleos 300ml - Haskell Cosméticos,"R$ 43,90",0/5
Haskell Cosméticos,Shampoo Infusão de Óleos 300ml - Haskell Cosméticos,"R$ 43,90",0/5
Hawaiian Tropic,Protetor Solar Alta Proteção FPS50 Island Sport - Hawaiian Tropic,"R$ 95,90",0/5
Kit Skincare da Hello Kitty,Kit Skincare da Hello Kitty,"3x de R$ 71,87 sem juros",0/5
Klass Vough,Espelho Duplo - Com LED - Hello Kitty - Klass Vough,"6x de R$ 83,32 sem juros",0/5
Klass Vough,Kit de Pinças Estampadas C/4 Hello Kitty - Klass Vough,"R$ 59,90",0/5
Klass Vough,Kit Pincéis + Necessaire Hello Kitty - Klass Vough,"R$ 99,90",0/5
Klass Vough,Escova de Limpeza Facial Cleanser Hello Kitty - Klass Vough,"R$ 52,90",0/5
Klass Vough,Kit de Esponjas Mini Gota C/5 Hello Kitty - Klass Vough,"R$ 51,90",0/5
Klass Vough,Esponja Gota + Porta Esponja Hello Kitty - Klass Vough,"R$ 32,90",0/5
Klass Vough,Maleta Estampada Hello Kitty - Klass Vough,"3x de R$ 73,30 sem juros",0/5
Klass Vough,Maleta de Maquiagem Organizadora Hello Kitty - Klass Vough,"6x de R$ 73,32 sem juros",0/5
Klass Vough,Necessaire Duplo Compartimento Hello Kitty - Klass Vough,"R$ 73,90",0/5
Klass Vough,Necessaire Compacta Estampada Hello Kitty - Klass Vough,"R$ 45,90",0/5
Klass Vough,Kit de Necessaires Hello Kitty - Klass Vough,"R$ 59,90",0/5
Klass Vough,Necessaire Estampada com Stickers Hello Kitty - Klass Vough,"R$ 39,90",0/5
Klass Vough,Necessaire Estampada Funcional Hello Kitty - Klass Vough,"R$ 65,90",0/5
Klass Vough,Necessaire Cilíndrica Pequena Hello Kitty - Klass Vough,"R$ 53,90",0/5
Klass Vough,Necessaire Cilíndrica Grande Hello Kitty - Klass Vough,"R$ 65,90",0/5
Klass Vough,Necessaire Retangular Transparente Hello Kitty - Klass Vough,"R$ 85,90",0/5
Klass Vough,Faixa de Cabelo Hair Band Hello Kitty - Klass Vough,Esgotado,0/5
Klass Vough,Faixa de Cabelo Hair Band Hello Kitty - Klass Vough,Esgotado,0/5
Klass Vough,Esponja de Maquiagem Pink Sponge Hello Kitty - Klass Vough,Esgotado,0/5
Hidratei,Nutrição Capilar - Sérum Capilar SOS - Hidratei,"2x de R$ 79,95 sem juros",0/5
com Mini Nó Combo,Cílios Postiços Kiss NY I-Envy Individual - com Mini Nó Combo,"R$ 26,90",0/5
ENVY,Cílios Postiços - 3D Collection - 128 - I-ENVY,"R$ 24,90",0/5
ENVY,Cílios Postiços - 3D Collection - 122 - I-ENVY,"R$ 24,90",0/5
Envy,Cílios Postiços Day by Day - Date com o Crush - I-Envy,"R$ 24,90",0/5
Envy,Cílios Postiços Day by Day - Segura o BO - I-Envy,"R$ 24,90",0/5
Envy,Cílios Postiços Day by Day - Trending - I-Envy,"R$ 24,90",0/5
Envy,Cílios Postiços Day by Day - Qual é a Boa - I-Envy,"R$ 24,90",0/5
Envy,Cílios Postiços Day by Day - Icone - I-Envy,"R$ 24,90",0/5
Envy,"Cílios Postiços Day by Day - Shippo, Eu e Tequila - I-Envy","R$ 24,90",0/5
Envy,Cílios Postiços Day by Day - Look do Dia - I-Envy,"R$ 24,90",0/5
Envy,Cílios Postiços Day by Day - TBT - I-Envy,"R$ 24,90",0/5
Envy,Cílios Postiços Day by Day - Lacrou - I-Envy,"R$ 24,90",0/5
Envy,Cílios Postiços Day by Day - No Filter - I-Envy,"R$ 24,90",0/5
Envy,Cílios Postiços Day by Day - Divou - I-Envy,"R$ 24,90",0/5
03,Cílios Postiços i-ENVY Kiss NY Nude - 03,"R$ 24,90",0/5
Incolor,Cola para Cílios Postiços Kiss NY I-Envy Super Fixação 48 H - Incolor,Esgotado,5/5
ENVY,Cílios Postiços - 3D Collection - 145 - I-ENVY,Esgotado,0/5
sem nó curto,Cílios Postiços Kiss NY I-Envy Individual - sem nó curto,Esgotado,0/5
Kiss New York,Unhas Postiças Decoradas Natalinas Média Angels - Kiss New York,"R$ 36,90",0/5
Kiss New York,Unhas Postiças Decoradas Natalinas Longa North Pole - Kiss New York,"R$ 36,90",0/5
Kiss New York,Unhas Postiças Decoradas Natalinas Média Holly Jolly - Kiss New York,"R$ 36,90",0/5
Kiss New York,Unhas Postiças Decoradas Natalinas Média Don't Cry Snowman - Kiss New York,"R$ 36,90",0/5
Kiss New York,Unhas Autocolantes Kids Impress Mini EGGcelent Day - Kiss New York,"R$ 36,90",0/5
Kiss New York,Unhas Autocolantes Kids Impress Mini Hokey Pokey - Kiss New York,"R$ 36,90",0/5
Kiss New York,Unhas Postiças Decoradas Natalinas Autoadesivas Feeling Pine - Kiss New York,Esgotado,0/5
Kiss New York,Unhas Postiças Decoradas Natalinas Autoadesivas Make It Ren - Kiss New York,Esgotado,0/5
Kiss New York,Unhas Postiças Decoradas Natalinas Autoadesivas Snowed In - Kiss New York,Esgotado,0/5
Kiss New York,Unhas Postiças Decoradas Natalinas Autoadesivas Celebration - Kiss New York,Esgotado,0/5
Message Me Kiss New York Antiga,Unhas Postiças Autocolantes Média - Message Me Kiss New York Antiga,Esgotado,0/5
Emerald,Unhas Postiças Autocolantes Amendoada Média Kiss New York - Emerald,Esgotado,0/5
Citrine,Unhas Postiças Autocolantes Amendoada Média Kiss New York - Citrine,Esgotado,0/5
Quartz,Unhas Postiças Autocolantes Amendoada Média Kiss New York - Quartz,Esgotado,0/5
Kiss New York,Unhas Autocolantes Kids Impress Mini Easter Bunny - Kiss New York,Esgotado,0/5
Intt Cosméticos,Gel Lubrificante Calda Picante Beijável - Deborah Secco - Intt Cosméticos,"R$ 37,90",0/5
Intt Cosméticos,Esfoliante em Gel Íntimo Pélvico e Virilha - Deborah Secco - Intt Cosméticos,"R$ 64,90",0/5
Intt Cosméticos,Creme Clareador Íntimo Hidratante - Deborah Secco - Intt Cosméticos,"R$ 64,90",0/5
Intt Cosméticos,Sabonete Íntimo 200ml - Deborah Secco - Intt Cosméticos,"R$ 49,99",0/5
Intt Cosméticos,Bruma Pélvica Aromática - Deborah Secco - Intt Cosméticos,"R$ 57,90",0/5
Intt Cosméticos,Desodorante Íntimo Aroma Sedutor - Deborah Secco - Intt Cosméticos,"R$ 70,90",0/5
Intt Cosméticos,Kit Calda Picante e Vibrador Bullet - Deborah Secco - Intt Cosméticos,"2x de R$ 71,50 sem juros",0/5
Intt Cosméticos,Gel Lubrificante Deslizante Efeito Quente - Deborah Secco - Intt Cosméticos,"R$ 67,90",0/5
Intt Cosméticos,Gel Clitoriano Efeito Quente - Deborah Secco - Intt Cosméticos,"R$ 89,90",0/5
Intt,Kit Super Macho - Intt,"2x de R$ 84,95 sem juros",0/5
Intt Cosméticos,Gel Hidratante Aromatizante Sweet Glow Virilha e Corpo Chiclete Beijável - Intt Cosméticos,"R$ 39,90",0/5
Intt,Lubrificante Calda Picante Amora - Intt,"R$ 27,90",0/5
Intt Cosméticos,Gel Vibration Power Amora - Intt Cosméticos,"R$ 65,99",0/5
Intt Cosméticos,Vibrador Flexível 2 em 1 com Dupla Estimulação Medusa - Intt Cosméticos,"6x de R$ 66,65 sem juros",0/5
Intt Cosméticos,Plug Anal com Controle Remoto Plug Me - Intt Cosméticos,"5x de R$ 71,98 sem juros",0/5
Intt Csométicos,Vibrador de Casal Sincronia Azul - Intt Csométicos,"6x de R$ 79,98 sem juros",0/5
Intt Cosméticos,Vibrador Penetrável com Função Tapping e Estimulador de Clitóris Macetando - Intt Cosméticos,"6x de R$ 83,17 sem juros",0/5
Intt Cosméticos,Vibrador e Estimulador de Clítóris Lambe Lambe Vermelho Luxury - Intt Cosméticos,"6x de R$ 83,17 sem juros",0/5
Intt Cosméticos,Gel Dessensibilizante Pranal Extra Forte Striper - Intt Cosméticos,"R$ 15,90",0/5
Satisfyer,Sugador de Clítoris Penguin Holiday Edition - Satisfyer,"6x de R$ 83,32 sem juros",0/5
Intt Cosméticos,Gel Vibration Power Mel - Intt Cosméticos,"R$ 69,90",0/5
Intt Cosméticos,Kit com 2 Super Macho Suplemento Cápsulas - Intt Cosméticos,"R$ 239,80",5/5
Intt Cosméticos,Kit com 3 Super Macho Suplemento Cápsulas - Intt Cosméticos,"R$ 329,70",5/5
me by Castropil,Óleo Bifásico Corporal Afrodisíaco - Provoca-me by Castropil,"R$ 59,90",0/5
Intt Cosméticos,Óleo Aroma de Coco Velvet Skin Intt Wellness - Intt Cosméticos,"R$ 37,90",0/5
Intt Cosméticos,Óleo para Massagem Sensual Animals - Intt Cosméticos,"R$ 37,90",0/5
Intt Cosméticos,Lubrificante Babalub Vibra Ice Chiclete - Intt Cosméticos,"R$ 48,90",0/5
Intt Cosméticos,Gel Excitante Unissex Mix de Prazer Vulcano - Intt Cosméticos,"R$ 36,90",0/5
Intt Cosméticos,Vibrador com Dupla Estimulação My Secret by Laura Muller - Intt Cosméticos,"5x de R$ 63,38 sem juros",0/5
Intt Cosméticos,Vibrador com Ondas de Pressão Clit Me On Nude - Intt Cosméticos,"3x de R$ 61,97 sem juros",0/5
Intt Cosméticos,Vibrador com Ondas de Pressão Clit Me On Rosa - Intt Cosméticos,"3x de R$ 61,97 sem juros",0/5
Intt Cosméticos,Vibrador com Ondas de Pressão Clit Me On Verde - Intt Cosméticos,"3x de R$ 61,97 sem juros",0/5
Intt Cosméticos,Estimulador Clitoriano 3 em 1 La Sirena Amarelo - Intt Cosméticos,"4x de R$ 68,23 sem juros",0/5
Intt Cosméticos,Estimulador Clitoriano 3 em 1 La Sirena Verde - Intt Cosméticos,"4x de R$ 68,23 sem juros",0/5
Intt Cosméticos,Estimulador Clitoriano 3 em 1 La Sirena Vermelho - Intt Cosméticos,"4x de R$ 68,23 sem juros",0/5
Intt Cosméticos,Vibrador Vai e Vem Clitóris Êxtase Roxo - Intt Cosméticos,"5x de R$ 71,98 sem juros",0/5
Intt Cosméticos,Vibrador Vai e Vem Clitóris Êxtase Verde - Intt Cosméticos,"5x de R$ 71,98 sem juros",0/5
Intt Cosméticos,Vibrador Vai e Vem Clitóris Êxtase Vermelho Luxury - Intt Cosméticos,"5x de R$ 71,98 sem juros",4/5
Intt Cosméticos,Estimulador Clitoriano Simula Sexo Oral Euphoria - Intt Cosméticos,"4x de R$ 68,23 sem juros",0/5
Intt Cosméticos,Vibrador Multifuncional Com Controle 10 modos Heaven Pink - Intt Cosméticos,"4x de R$ 68,23 sem juros",0/5
Intt Cosméticos,Vibrador Multifuncional Com Controle 10 modos Heaven Vermelho Luxury - Intt Cosméticos,"4x de R$ 68,23 sem juros",0/5
Intt Cosméticos,Vibrador de Ponto G e Estimulador Clitóris Oasis Nude - Intt Cosméticos,"5x de R$ 63,98 sem juros",0/5
Intt Cosméticos,Vibrador de Ponto G e Estimulador Clitóris Oasis Rosa - Intt Cosméticos,"5x de R$ 63,98 sem juros",0/5
Intt Cosméticos,Vibrador de Ponto G e Estimulador Clitóris Oasis Verde - Intt Cosméticos,"5x de R$ 63,98 sem juros",0/5
Intt Cosméticos,Vibrador de Ponto G e Estimulador Clitóris Oasis Vermelho Luxury - Intt Cosméticos,"5x de R$ 63,98 sem juros",0/5
Intt Cosméticos,Vibrador de Calcinha Com Controle Pleasure Panty Amarelo - Intt Cosméticos,"4x de R$ 61,23 sem juros",0/5
Intt Cosméticos,Vibrador de Calcinha Com Controle Pleasure Panty Azul - Intt Cosméticos,"4x de R$ 61,23 sem juros",0/5
Intt Cosméticos,Vibrador de Calcinha Com Controle Pleasure Panty Rosa - Intt Cosméticos,"4x de R$ 61,23 sem juros",0/5
Intt Cosméticos,Vibrador Dupla Ponta Para Casais LGBTQIA+ Double Passion Azul - Intt Cosméticos,"4x de R$ 68,23 sem juros",0/5
Intt Cosméticos,Vibrador Dupla Ponta Para Casais LGBTQIA+ Double Passion Rosa - Intt Cosméticos,"4x de R$ 68,23 sem juros",0/5
Intt Cosméticos,Vibrador Dupla Ponta Para Casais LGBTQIA+ Double Passion Nude - Intt Cosméticos,"4x de R$ 68,23 sem juros",0/5
Intt Cosméticos,Vibrador Dupla Ponta Para Casais LGBTQIA+ Double Passion Vermelho Luxury - Intt Cosméticos,"4x de R$ 68,23 sem juros",0/5
Intt Cosméticos,"Vibrador Ponto G, Clitóris e Vagina Orgasmic Nude - Intt Cosméticos","4x de R$ 68,23 sem juros",0/5
Intt Cosméticos,"Vibrador Ponto G, Clitóris e Vagina Orgasmic Azul - Intt Cosméticos","4x de R$ 68,23 sem juros",0/5
Intt Cosméticos,"Vibrador Ponto G, Clitóris e Vagina Orgasmic Vermelho Luxury - Intt Cosméticos","4x de R$ 68,23 sem juros",0/5
Intt Cosméticos,Lubrificante Calda Picante Marshmallow - Ooh Delícia - Intt Cosméticos,"R$ 27,90",0/5
Intt Cosméticos,Desodorante Íntimo e Corporal Chicleteira - Intt Cosméticos,"R$ 54,90",0/5
Intt Cosméticos,Gel Excitante Eruption Feminino - Intt Cosméticos,"R$ 49,90",0/5
Intt Cosméticos,Limpa Toys Higienizador de Brinquedos Eróticos Chiclete - Intt Cosméticos,"R$ 18,90",0/5
Intt Cosméticos,Gel Estimulante Masculino Inflate XXL - Intt Cosméticos,"R$ 25,90",0/5
Intt Cosméticos,"Vibrador Ponto G, Clitóris e Vagina Orgasmic Roxo/Verde - Intt Cosméticos","4x de R$ 68,23 sem juros",0/5
Intt Cosméticos,Vela Hidratante para Massagem Baunilha - Intt Cosméticos,"R$ 36,90",0/5
Intt Cosméticos,Vela Hidratante para Massagem Ylang Ylang - Intt Cosméticos,"R$ 36,90",0/5
Intt Cosméticos,Vela Beijável Menta - Intt Cosméticos,"R$ 32,90",0/5
Intt Cosméticos,Gel Pegasus Excitante Masculino - Intt Cosméticos,"R$ 32,90",0/5
Intt Cosméticos,Mini Bullet Batom do Prazer - Intt Cosméticos,"2x de R$ 64,95 sem juros",0/5
Intt Cosméticos,Vibrador Lash Plus via App - Intt Cosméticos,"R$ 227,99",0/5
Intt Cosméticos,Vibrador Mais que Perfeito Pink - Intt Cosméticos,"4x de R$ 62,48 sem juros",0/5
Intt Cosméticos,Vibrador e Sugador Tornado Vermelho - Intt Cosméticos,"6x de R$ 66,65 sem juros",0/5
Intt Cosméticos,Spray para Garganta Profunda Sabor Morango - Intt Cosméticos,"R$ 19,90",0/5
Intt Cosméticos,Spray para Garganta Profunda Suction - Intt Cosméticos,"R$ 22,90",0/5
Intt Cosméticos,Massageador Corporal Vibrador Golfinho Laranja - Intt Cosméticos,"R$ 5,97",0/5
Intt Cosméticos,Lubrificante Babalub Chiclete by Carla Geane-Intt Cosméticos,"R$ 25,90",0/5
Intt Cosméticos,Jogo de Cartas Clímax - Intt Cosméticos,"R$ 86,90",0/5
Intt Cosméticos,Lubrificante de Verbena by Laura Muller - Intt Cosméticos,"R$ 45,90",0/5
Intt Cosméticos,Gel Excitante Pulse - Linha CB2 - Intt Cosméticos,"R$ 62,90",0/5
Intt Cosméticos,Sérum íntimo de Verbena by Laura Muller - Intt Cosméticos,"R$ 62,90",0/5
Intt Cosméticos,Gel Vibration Eletrizante Algodão Doce - Intt Cosméticos,"R$ 69,90",0/5
Intt Cosméticos,Vibrador de Calcinha com Controle Rosa - Intt Cosméticos,"3x de R$ 79,97 sem juros",0/5
Intt Cosméticos,Golden Bullet Dourado Luxury - Intt Cosméticos,"2x de R$ 84,95 sem juros",5/5
Intt Cosméticos,Vibrador Multi Pro Rosa - Intt Cosméticos,"3x de R$ 73,30 sem juros",0/5
Intt Cosméticos,Kit Meu Primeiro Anal - Intt Cosméticos,"R$ 59,90",0/5
Intt Cosméticos,Vela de Massagem de Jasmin - Intt Cosméticos,"R$ 36,90",0/5
Intt Cosméticos,Gel Vibration Tons de Vinho Tinto - Intt Cosméticos,"R$ 65,99",0/5
Intt Cosméticos,Gel Vibration Menta - Intt Cosméticos,"R$ 65,99",0/5
Gel Feminino Ativador de Orgasmo Lady Gooza Intt Cosméticos,Gel Feminino Ativador de Orgasmo Lady Gooza Intt Cosméticos,"R$ 109,90",0/5
Intt Cosméticos,Desodorante Spray Eros Masculino - Intt Cosméticos,"R$ 49,99",0/5
Intt Cosméticos,Gel Beijável Fruit Ice - Intt Cosméticos,"R$ 19,99",0/5
Intt Cosméticos,Gel Beijável Fruit Intt Bull - Intt Cosméticos,"R$ 14,99",0/5
Intt Cosméticos,Gel Beijável Fruit Maça do Amor - Intt Cosméticos,"R$ 19,99",0/5
Intt Cosméticos,Gel Beijável Fruit Menta - Intt Cosméticos,"R$ 19,99",0/5
Intt Cosméticos,Gel Beijável Fruit Melancia - Intt Cosméticos,"R$ 19,99",0/5
Intt Cosméticos,Gel Beijável Fruit Tutti Frutti - Intt Cosméticos,"R$ 19,99",0/5
Intt Cosméticos,Gel Beijável Fruit Uva - Intt Cosméticos,"R$ 19,99",0/5
Intt Cosméticos,Cliv Intt Dessensibilizante - Intt Cosméticos,"R$ 48,90",0/5
Intt Cosméticos,Cliv Intt Gold Dessensibilizante - Intt Cosméticos,"R$ 64,90",0/5
Intt Cosméticos,Gel Vibration Eletrizante Morango - Intt Cosméticos,"R$ 65,99",0/5
Intt Cosméticos,Gel Vibration Power Chiclete - Intt Cosméticos,"R$ 65,99",0/5
Intt Cosméticos,Lubrificante Algodão Doce - Intt Cosméticos,"R$ 27,99",0/5
Intt Cosméticos,Lubrificante Hot Morango - Intt Cosméticos,"R$ 27,99",5/5
Intt Cosméticos,Gel para Massagem Orgastic - Intt Cosméticos,"R$ 62,90",0/5
Intt Cosméticos,Gel Potencializador Super Macho - Intt Cosméticos,"R$ 46,90",0/5
Intt Cosméticos,Spray Retardante On - Intt Cosméticos,"R$ 29,99",0/5
Intt Cosméticos,Esfoliante e Hidratante Pélvico Cristal Touch - Intt Cosméticos,"R$ 47,99",0/5
Intt Cosméticos,Lubrificante Vibe Sensation - Intt Cosméticos,"R$ 32,90",0/5
Intt Cosméticos,Gel Beijável Fruit Amarula - Intt Cosméticos,"R$ 19,99",0/5
Intt Cosméticos,Cliv Intt Black Dessensibilizante Anal - Intt Cosméticos,"R$ 86,90",5/5
Intt Cosméticos,Gel Masculino Prolongador de Ereção - Intt Cosméticos,"R$ 35,90",0/5
Intt Cosméticos,Vibrador de Calcinha com Controle Luxury Vermelho - Intt Cosméticos,"4x de R$ 62,48 sem juros",0/5
Intt Cosméticos,Limpa Toys - Intt Cosméticos,"R$ 23,90",0/5
Intt Cosméticos,Vibrador Tulipa Vermelho Bullet Luxury Especial - Intt Cosméticos,"2x de R$ 89,95 sem juros",0/5
Intt Cosméticos,Vibrador Hebe Vermelho Luxury Especial - Intt Cosméticos,"3x de R$ 66,63 sem juros",0/5
Intt Cosméticos,Vibrador Fun Rabbit Vermelho Luxury Especial - Intt Cosméticos,"5x de R$ 64,00 sem juros",0/5
Intt Cosméticos,Vibrador Multi Pro Luxury Especial - Intt Cosméticos,"3x de R$ 66,66 sem juros",0/5
Intt Cosméticos,Gel Lubrificante Striper Veludão - Intt Cosméticos,"R$ 19,90",0/5
Intt Cosméticos,Gel Adstringente Toque da Virgem - Intt Cosméticos,"R$ 42,99",0/5
Intt Cosméticos,Gel Excitante Vulv's Ice - Intt Cosméticos,"R$ 23,99",0/5
Intt Cosméticos,Gel Excitante Vulv's - Intt Cosméticos,"R$ 23,99",0/5
Intt Cosméticos,Óleo para Massagem Tantric Apple - Intt Cosméticos,"R$ 43,99",0/5
Intt Cosméticos,Gel Excitante Meltesão - Intt Cosméticos,"R$ 33,99",0/5
Intt Cosméticos,Lubrificante Hidranal com Ácido Hialurônico - Intt Cosméticos,"R$ 33,99",0/5
Intt Cosméticos,Gel Facilitador Poção Vo-Da-Ku - Intt Cosméticos,"R$ 15,99",0/5
Intt Cosméticos,Gel Estimulante Poção PPK Louca - Intt Cosméticos,"R$ 15,99",0/5
Intt Cosméticos,Gel Excitante Poção Pirocão Mágico - Intt Cosméticos,"R$ 15,99",0/5
Intt Cosméticos,Gel Excitante Poção Lambida dos Deuses Groselha - Intt Cosméticos,"R$ 15,99",0/5
Intt Cosméticos,Gel Lubrificante Poção Gozo Mágico - Intt Cosméticos,"R$ 15,99",0/5
Intt Cosméticos,Gel Prolongador Poção do Tempo - Intt Cosméticos,"R$ 15,99",0/5
Intt Cosméticos,Gel Adstringente Poção da Virgem - Intt Cosméticos,"R$ 15,99",0/5
Intt Cosméticos,Gel Vibratório Caldeirão da Vibração - Intt Cosméticos,"R$ 15,99",0/5
Intt Cosméticos,Desodorante Íntimo e Corporal Morango Eros - Intt Cosméticos,"R$ 45,99",0/5
Intt Cosméticos,Desodorante Íntimo e Corporal Menta Eros - Intt Cosméticos,"R$ 45,99",0/5
Intt Cosméticos,Desodorante Íntimo e Corporal Ylang Ylang Eros - Intt Cosméticos,"R$ 45,99",0/5
Intt Cosméticos,Gel Beijável Fruit Algodão Doce - Intt Cosméticos,"R$ 19,99",0/5
Intt Cosméticos,Gel Beijável Fruit Caipirinha - Intt Cosméticos,"R$ 19,99",0/5
Intt Cosméticos,Gel Beijável Fruit Framboesa - Intt Cosméticos,"R$ 19,99",0/5
Intt Cosméticos,Gel Lubrificante para Casal Somos 2 - Intt Cosméticos,Esgotado,0/5
Frete Grátis,Frete Grátis,Esgotado,0/5
Intt Cosméticos,Lubrificante Íntimo Lubes Coconut Intt Wellness - Intt Cosméticos,Esgotado,0/5
Intt Cosméticos,Lubrificante Calda Picante Pudim - Ooh Delícia - Intt Cosméticos,Esgotado,0/5
Intt Cosméticos,Lubrificante Calda Picante Morango Azedinho - Ooh Delícia - Intt Cosméticos,Esgotado,0/5
Intt Cosméticos,Gel Excitation Feminino Chicleteira Sabor Chiclete - Intt Cosméticos,Esgotado,0/5
Intt Cosméticos,Gel Feminino que Vibra - Liby - Intt Cosméticos,Esgotado,0/5
Intt Cosméticos,Vela Beijável Morango - Intt Cosméticos,Esgotado,0/5
Intt Cosméticos,Mini Bullet Azul Tiffany Good Vibes - Intt Cosméticos,Esgotado,0/5
Intt Cosméticos,Spray para Garganta Profunda Sabor Menta - Intt Cosméticos,Esgotado,0/5
Vela de Massagem de Verbena by Laura Muller Intt Cosméticos,Vela de Massagem de Verbena by Laura Muller Intt Cosméticos,Esgotado,0/5
Intt Cosméticos,Gel Vibration Eletrizante Maça do Amor - Intt Cosméticos,Esgotado,0/5
Intt Cosméticos,Gel Vibration Power Vodka com Energético - Intt Cosméticos,Esgotado,0/5
Intt Cosméticos,Gel para Massagem Excitation - Intt Cosméticos,Esgotado,0/5
Intt Cosméticos,Orgastic Cápsulas Suplemento Multivitamínico - Intt Cosméticos,Esgotado,0/5
Intt Cosméticos,Manteiga Hidratante Coconut Cream - Intt Cosméticos,Esgotado,0/5
Intt Cosméticos,Gel Lambuze Chiclete - Intt Cosméticos,Esgotado,0/5
Intt Cosméticos,Algemas de Metal Sexual - Intt Cosméticos,Esgotado,0/5
Intt Cosméticos,Lubrificante Black Ice - Intt Cosméticos,Esgotado,0/5
Intt Cosméticos,Gel Excitante Striper Point G - Intt Cosméticos,Esgotado,0/5
Intt Cosméticos,Gel Excitante Striper Taradinha - Intt Cosméticos,Esgotado,0/5
Intt Cosméticos,Gel Beijável Fruit Sexy Coconut - Intt Cosméticos,Esgotado,0/5
Intt Cosméticos,Gel Excitante Poção Lambida dos Deuses Whisky - Intt Cosméticos,Esgotado,0/5
Intt Cosméticos,Desodorante Íntimo e Corporal Cheiro Dela by Carla Geane - Intt Cosméticos,Esgotado,0/5
Intt Cosméticos,Clareador Íntimo e Corporal Lumièr Inttimus - Intt Cosméticos,Esgotado,0/5
Karen Bachini Beauty,Base Facial Cosmos Semi Matte 30g - Karen Bachini Beauty,"R$ 54,90",0/5
by Karen Bachini,Máscara para Cílios - Naturalmente Volumosos Netuno - by Karen Bachini,"R$ 46,90",0/5
by Karen Bachini,Máscara para Sobrancelhas - Incolor Plutão - by Karen Bachini,"R$ 42,90",5/5
by Karen Bachini,Primer Facial Sakura - by Karen Bachini,"R$ 54,90",0/5
by Karen Bachini,Batom Líquido Matte Aveludado - Andrômeda - by Karen Bachini,"R$ 39,90",0/5
by Karen Bachini,Batom Líquido Matte Aveludado - Pêgasus - by Karen Bachini,"R$ 39,90",5/5
by Karen Bachini,Batom Líquido Matte Aveludado - Afrodite - by Karen Bachini,"R$ 39,90",0/5
by Karen Bachini,Batom Líquido Matte Aveludado - Fênix - by Karen Bachini,"R$ 39,90",0/5
by Karen Bachini,Gloss Labial Brilho Intenso - Marte - by Karen Bachini,"R$ 39,90",0/5
by Karen Bachini,Gloss Labial Brilho Intenso - Vênus - by Karen Bachini,"R$ 39,90",5/5
by Karen Bachini,Paleta Multifuncional Iluminador e Contorno - Hécate - by Karen Bachini,"R$ 76,90",0/5
by Karen Bachini,Paleta de Sombras 12 Cores - Gênese - by Karen Bachini,"R$ 79,89",0/5
by Karen Bachini,Pó Facial Solto Rosa - Pink Powder - by Karen Bachini,"R$ 46,00",5/5
by Karen Bachini,Gloss Labial Tattoo Preto - by Karen Bachini,"R$ 30,90",5/5
by Karen Bachini,Kit Duo Encanto Primer e Máscara de Cílios - by Karen Bachini,"R$ 69,90",5/5
by Karen Bachini,Gloss Oil Restaurador Labial - Mercúrio - by Karen Bachini,Esgotado,5/5
by Karen Bachini,Paleta Blush em Pó e Creme - Selene - by Karen Bachini,Esgotado,0/5
Kiss New York,Unha Postiça Voguish Fantasy In The Stars - Kiss New York,"R$ 48,90",0/5
Kiss New York,Mini Refil Cílios Postiços Impress - Kiss New York,"R$ 34,92",0/5
Kiss New York,Modelador de Ondas Lilas Hair Waver Lilac - Kiss New York,"4x de R$ 74,98 sem juros",0/5
Kiss New York,Kit Loção Hidratante Corporal - Kiss New York,"R$ 119,00",0/5
Kiss New York,Loção Hidratante Corporal - Kiss New York,"R$ 25,00",0/5
Kiss New York,Cílios Postiços The New Natural - Kiss New York,"R$ 29,90",0/5
Kiss New York,Body Splash Mettalic Love - Fragrancias - Kiss New York,"R$ 36,90",0/5
Kiss New York,Unhas Postiças Autocolante Press&Go - Kiss New York,"R$ 40,90",0/5
Kiss NY,Unha Decorada Bailarina Beach Vibes Voguish Fantasy - Kiss NY,"R$ 44,90",0/5
Kiss NY,Unhas Postiças Real Pink Rosa - Joy Collection - Kiss NY,"R$ 17,99",0/5
Kiss NY,Unhas Postiças Sweet Pink Rosa - Joy Collection - Kiss NY,"R$ 17,99",0/5
Kiss NY,Unhas Postiças Candy Colors - Joy Collection - Kiss NY,"R$ 17,99",0/5
Kiss NY,Unhas Postiças Esculpidas Fabulous - Gel Extend - Kiss NY,"R$ 21,99",0/5
Kiss NY,Unhas Postiças Esculpidas New Purple - Gel Extend - Kiss NY,"R$ 21,99",0/5
Kiss NY,Unhas Postiças Esculpidas French Neon - Gel Extend - Kiss NY,"R$ 21,99",0/5
Kiss NY,Máscara para Área dos Olhos Magic Gel Revitalizante - Kiss NY,"R$ 13,90",0/5
Kiss NY,Unha Decorada Bailarina Média Voguish Fantasy - Kiss NY,"R$ 44,90",0/5
Kiss NY,Unha Decorada Quadrada Média Gel Fantasy Allure - Kiss NY,"R$ 44,90",0/5
Kiss NY,Unha Decorada Bailarina Média Gel Fantasy Jelly - Kiss NY,"R$ 44,90",0/5
Kiss NY,Unha Decorada Esculpida Countless Times Gel Fantasy - Kiss NY,"R$ 44,90",0/5
Klass Vough,Porta Pinças Magnético para Extensão de Cílios - Klass Vough,"R$ 79,90",0/5
Klass Vough,Pincel para Sobrancelhas Angulado Special Line - Klass Vough,"R$ 19,90",0/5
Klass Vough,Paleta de Inox para Mistura de Maquiagem Straight - Klass Vough,"R$ 39,90",0/5
Klass Vough,Porta Pincéis de Silicone com Aderência - Klass Vough,"R$ 89,90",0/5
Klass Vough,Pinça Profissional para Extensão de Cílios - Klass Vough,"R$ 59,90",0/5
Klass Vough,Porta Pincéis Butterfly - Klass Vough,"4x de R$ 62,48 sem juros",0/5
Klass Vough,Esponja Disco Demaquilante - Klass Vough,"R$ 24,90",4/5
Klass Vough,Pincel para esfumar Linha Onix 17 - Klass Vough,"R$ 21,90",0/5
Klass Vough,Pincel para lábios Linha Onix 18 - Klass Vough,"R$ 19,90",0/5
Klass Vough,Pincel para corretivo Linha Onix 20 - Klass Vough,"R$ 26,90",5/5
Klass Vough,Pincel para delineador Linha Onix 21 - Klass Vough,"R$ 29,90",4/5
Klass Vough,Pincel Duo Fiber para polimento Linha Onix 22 - Klass Vough,"R$ 53,90",0/5
Klass Vough,Pincel para Base Impact Line 01 - Klass Vough,"R$ 79,90",0/5
Klass Vough,Pincel Chanfrado para Blush Impact Line 02 - Klass Vough,"R$ 67,90",0/5
Klass Vough,Pincel para Base Impact Line 04 - Klass Vough,"R$ 49,90",0/5
Klass Vough,Pincel para Base e Primer Impact Line 06 - Klass Vough,"R$ 39,90",0/5
Klass Vough,Pincel para delinear Impact Line 07 - Klass Vough,"R$ 32,90",0/5
Klass Vough,Cílios Postiços Glam Line - Power Glam - Klass Vough,"R$ 59,90",0/5
Klass Vough,Cílios Postiços Glam Line - Sexy Glam - Klass Vough,"R$ 59,90",0/5
Klass Vough,Cílios Postiços Glam Line - Natural Glam - Klass Vough,"R$ 59,90",0/5
Klass Vough,Pinça Aplicador de Cílios Postiços - Klass Vough,"R$ 21,90",0/5
Klass Vough,Esponja Double Drop - Klass Vough,"R$ 25,90",1/5
Klass Vough,Navalha de Acabamento 2 em 1 - Klass Vough,"R$ 13,90",0/5
Klass Vough,Esponja HD Touch - Klass Vough,"3x de R$ 76,63 sem juros",0/5
Klass Vough,Pincel para Pó Linha Onix 01 - Klass Vough,"R$ 59,90",0/5
Klass Vough,Pincel para Blush Linha Onix 02 - Klass Vough,"R$ 48,90",0/5
Klass Vough,Pincel para Base Linha Onix 03 - Klass Vough,"R$ 29,90",0/5
Klass Vough,Pincel Flat Top para Base Linha Onix 04 - Klass Vough,"R$ 42,90",0/5
Klass Vough,Pincel para Base Linha Onix 05 - Klass Vough,"R$ 42,90",4/5
Klass Vough,Pincel para Polimento Linha Onix 06 - Klass Vough,"R$ 52,90",0/5
Klass Vough,Pincel grande para sombra Linha Onix 07 - Klass Vough,"R$ 24,90",0/5
Klass Vough,Pincel pequeno para sombra Linha Onix 08 - Klass Vough,"R$ 21,90",0/5
Klass Vough,Pincel para acabamento Linha Onix 09 - Klass Vough,"R$ 21,90",0/5
Klass Vough,Pincel grande para sombra Linha Onix 10 - Klass Vough,"R$ 22,90",0/5
Klass Vough,Pincel médio para sombra Linha Onix 11 - Klass Vough,"R$ 39,90",0/5
Klass Vough,Pincel médio para iluminador Linha Onix 12 - Klass Vough,"R$ 39,90",0/5
Klass Vough,Pincel para esfumar Linha Onix 13 - Klass Vough,"R$ 24,90",0/5
Klass Vough,Pincel para esfumar Linha Onix 14 - Klass Vough,"R$ 32,90",0/5
Klass Vough,Pincel para esfumar Linha Onix 15 - Klass Vough,"R$ 22,90",0/5
Klass Vough,Pincel para esfumar Linha Onix 16 - Klass Vough,"R$ 27,90",0/5
Klass Vough,Apontador duplo - Klass Vough,"R$ 10,90",5/5
Klass Vough,Kit de Pincéis Brown Line - Basic - Klass Vough,"2x de R$ 61,45 sem juros",0/5
Klass Vough,Kit de Pincéis Brown Line - Best Seller - Klass Vough,"2x de R$ 74,95 sem juros",0/5
Klass Vough,Brush Cleanser - Limpador e Higienizador de Pincéis Líquido 200 ml - Klass Vough,"R$ 78,90",5/5
Klass Vough,Pincel chanfrado para acabamentos Linha Onix 19 - Klass Vough,"R$ 29,90",0/5
Klass Vough,Pincel Chanfrado para Base e Contorno Impact Line 05 - Klass Vough,"R$ 64,90",0/5
Klass Vough,Refil Brush Cleanser - Limpador e Higienizador de Pincéis Líquido 500 ml - Klass Vough,"2x de R$ 74,95 sem juros",0/5
Klass Vough,Deep Brush Cleanser - Klass Vough,"R$ 75,90",0/5
Klass Vough,Paleta de Acrílico com Espátula - Crystal Palette Make Up Pro - Klass Vough,"R$ 25,90",5/5
Klass Vough,Paleta Inox com Espátula - Pro Makeup Palette - Klass Vough,"R$ 48,90",0/5
Klass Vough,Brush Cleanser - Limpador de Pincéis de Silicone - Klass Vough,"R$ 19,90",0/5
Klass Vough,Escova de Limpeza Facial - Mini Facial Cleanser - Klass Vough,"R$ 35,90",4/5
Klass Vough,Escova de Limpeza Facial - 3D Facial Cleanser - Klass Vough,"R$ 39,90",5/5
Klass Vough,Esponja de Maquiagem Dark + Suporte para Esponja - Klass Vough,"R$ 31,90",0/5
Klass Vough,Suporte para Esponja - Sponge Holder - Klass Vough,"R$ 21,90",5/5
Klass Vough,Esponja de Maquiagem Queijinho Colors - Klass Vough,"R$ 17,90",0/5
Klass Vough,Esponja de Maquiagem Blend - Klass Vough,"R$ 22,90",1/5
Klass Vough,Esponja de Maquiagem Compact Sponge Kit - Klass Vough,"R$ 14,90",0/5
Klass Vough,Kit de Pincéis de Silicone - Klass Vough,"R$ 39,90",0/5
Klass Vough,Escova de Limpeza Facial Rose Facial Cleanser - Klass Vough,"R$ 43,90",0/5
Klass Vough,Pincel para Base - L02 - Klass Vough,"R$ 19,90",0/5
Klass Vough,Pincel para Lábios Brown Line Lip - Klass Vough,"R$ 32,90",0/5
Klass Vough,Pincel Mini Leque para Máscara de Cílios Brown Line 34 - Klass Vough,"R$ 21,90",0/5
Klass Vough,Pincel Mini Leque para Correção Brown Line 33 - Klass Vough,"R$ 21,90",0/5
Klass Vough,Pincel Duplo Chanfrado para Sobrancelhas Brown Line 32 - Klass Vough,"R$ 25,90",0/5
Klass Vough,Pincel Duplo para Delinear Brown Line 31 - Klass Vough,"R$ 25,90",0/5
Klass Vough,Pincel Duplo para Sombra Brown Line 30 - Klass Vough,"R$ 32,90",0/5
Klass Vough,Pincel para Corretivo Brown Line 29 - Klass Vough,"R$ 25,90",0/5
Klass Vough,Pincel Para Pó Brown Line 01 - Klass Vough,"R$ 63,90",0/5
Klass Vough,Pincel Para Blush Brown Line 03 - Klass Vough,"R$ 63,90",0/5
Klass Vough,Pincel Para Sombra Brown Line 05 - Klass Vough,"R$ 48,90",0/5
Klass Vough,Pincel Para Sombras Brown Line 07 - Klass Vough,"R$ 23,90",0/5
Klass Vough,Pincel Para Sombras Brown Line 08 - Klass Vough,"R$ 25,90",0/5
Klass Vough,Pinça Dupla Chanfrada e Pente - Klass Vough,"R$ 23,90",0/5
Klass Vough,Pincel Chanfrado Para Sombra Brown Line 11 - Klass Vough,"R$ 23,90",0/5
Klass Vough,Pincel Para Acabamento Brown Line 12 - Klass Vough,"R$ 21,90",0/5
Klass Vough,Pincel Para Delinear Brown Line 13 - Klass Vough,"R$ 21,90",0/5
Klass Vough,Pincel Para Aplicar Sombra Brown Line 14 - Klass Vough,"R$ 23,90",0/5
Klass Vough,Pincel Para Sobrancelha Brown Line 15 - Klass Vough,"R$ 21,90",0/5
Klass Vough,Estojo Organizador de Pinceis - Klass Vough,"2x de R$ 74,95 sem juros",0/5
Klass Vough,Necessaire e Porta Pincéis - Klass Vough,"2x de R$ 79,95 sem juros",0/5
Klass Vough,Bolsa de Maquiagem Organizer Bag- Klass Vough,"6x de R$ 124,98 sem juros",0/5
Frete Grátis,Frete Grátis,Esgotado,0/5
Lood,Body Spray Pantera by Ludmilla 150ml - Lood,Esgotado,0/5
Luisance,Máscara para Cílios Incolor - Luisance,Esgotado,5/5
Luk Makeup,Sabonete Facial Demaquilante Off 100ml - Luk Makeup,"R$ 11,90",0/5
Luk Makeup,Sabonete Gel Facial Carvão Ativado - Luk Makeup,"R$ 11,90",0/5
Luk Makeup,Sabonete Primer Pré Make On 100ml - Luk Makeup,"R$ 11,90",0/5
Luk Makeup,Sabonete Facial Rosa Mosqueta 100ml - Luk Makeup,"R$ 11,90",0/5
Luk Collab,Kit Mango Smoothie by TABY - Luk Collab,Esgotado,0/5
Luv Beauty,Pincel para Delinear LP3 - Luv Beauty,"R$ 28,00",5/5
Luv Beauty,Wash my Luv Lilás WLL - Luv Beauty,"R$ 24,90",5/5
Luv Beauty,Cílios Postiços Naturais #11 Girl Boss - 3D - Luv Beauty,Esgotado,0/5
Luv Beauty,Pincel Cônico para Base e Corretivo L19 - Luv Beauty,Esgotado,0/5
Luv Beauty,Cílios Postiços Naturais - #06 Light - Luv Beauty,Esgotado,0/5
Macrilan,Pincel de Limpeza Facial e Esfoliação Roxo CP-03 - Macrilan,"R$ 8,90",0/5
Macrilan,Kit com 5 Pincéis para Maquiagem KP5-35 Roxo - Macrilan,"R$ 19,90",0/5
Macrilan,Esponja Gota para Maquiagem Rosa Claro EP08 - Macrilan,"R$ 8,90",0/5
Macrilan,Esponja Gota para Maquiagem EP09 Rosa Claro - Macrilan,"R$ 8,90",0/5
Macrilan,Kit com 12 Pincéis KP1-5J Vermelho e Preto - Macrilan,"R$ 49,90",0/5
Macrilan,Kit com 12 Pincéis KP1-5J Preto - Macrilan,"R$ 49,90",0/5
Macrilan,Kit com 5 Pincéis para Maquiagem KP3-1 Preto - Macrilan,"R$ 18,90",0/5
Macrilan,Kit com 7 Pincéis para Maquiagem KP9-4 Azul - Macrilan,"R$ 46,90",0/5
Macrilan,Kit com 7 Pincéis para Maquiagem KP9-4 Amarelo - Macrilan,"R$ 46,90",0/5
Macrilan,Kit ED012 Essencial - Macrilan,"R$ 59,90",0/5
Macrilan,Kit com 12 Pincéis de Maquiagem KP1-2E - Macrilan,"R$ 62,90",0/5
Macrilan,Kit com 12 Pincéis para Maquiagem KP9-1A - Macrilan,"R$ 71,90",0/5
Macrilan,Pincel Profissional para Esfumar B912 - Macrilan,"R$ 11,90",0/5
Macrilan,Pincel Oval para Côncavo W134 - Macrilan,"R$ 11,90",0/5
Macrilan,Pincel para Pó Facial U02 - Ultra Essencial - Macrilan,"R$ 24,90",0/5
Macrilan,Pincel para Base U04 Ultra Essencial - Macrilan,"R$ 15,90",0/5
Macrilan,Pincel Duplo para Corretivo e Precisão U07 - Ultra Essencial - Macrilan,"R$ 14,90",0/5
Macrilan,Pincel Duplo para Esfumar U09 Ultra Essencial - Macrilan,"R$ 14,90",0/5
Macrilan,Pincel para Iluminar F05 Linha BFF - Macrilan,"R$ 17,90",0/5
Macrilan,Kit com 12 Pincéis para Maquiagem KP1-5E - Macrilan,"R$ 49,90",0/5
Macrilan,Kit com 5 Pincéis para Maquiagem KP5-35 Rosa - Macrilan,"R$ 19,90",0/5
Macrilan,Pincel para Esfumar R-17 Linha Rosé - Macrilan,"R$ 10,90",5/5
Macrilan,Unhas Postiças Curta Coral UP214A - Macrilan,"R$ 11,90",0/5
Macrilan,Unhas Postiças Médio Coral UP316A - Macrilan,"R$ 11,90",0/5
Macrilan,Pincel Cônico para Esfumar W139 Linha W - Macrilan,"R$ 11,90",0/5
Macrilan,Pincel para Iluminador W910 Linha W - Macrilan,"R$ 26,90",0/5
Macrilan,Pincel A40 Duo Fiber para Côncavo Linha Max - Macrilan,"R$ 10,90",0/5
Macrilan,Placa e Espátula em Aço Inox AC-03 - Macrilan,"R$ 24,90",0/5
Macrilan,Pincel para Sombra B105 Linha B - Macrilan,"R$ 7,90",0/5
Macrilan,Pincel Chanfrado para Sombra B110 Linha B - Macrilan,"R$ 7,90",0/5
Macrilan,Pincel Oval para Côncavo B134 Linha B - Macrilan,"R$ 11,90",5/5
Macrilan,Cílios Postiços CL2-9 - Macrilan,"R$ 5,90",0/5
Macrilan,Cílios Postiços CL5-3 - Macrilan,"R$ 12,90",0/5
Macrilan,Pincel de Limpeza Facial e Esfoliação Preto CP-03 - Macrilan,"R$ 8,90",0/5
Macrilan,Pincel Oval para Esfumar E11 Linha CS - Macrilan,"R$ 13,90",0/5
Macrilan,Kit de Cílios Postiços 5 pares EB102 - Macrilan,"R$ 29,90",0/5
Macrilan,Kit com 18 Esponjas para Maquiagem EP14 - Macrilan,"R$ 15,90",0/5
Macrilan,Pincel para Pó F01 Linha BFF - Macrilan,"R$ 23,90",0/5
Macrilan,Esponja Gota para Maquiagem Roxa EP08 - Macrilan,Esgotado,0/5
Macrilan,Esponja Gota para Maquiagem Rosa EP08 - Macrilan,Esgotado,0/5
Macrilan,Esponja Gota para Maquiagem EP09 Roxo - Macrilan,Esgotado,0/5
Macrilan,Esponja Gota para Maquiagem EP09 Rosa - Macrilan,Esgotado,0/5
Macrilan,Kit com 5 Pincéis para Maquiagem KP3-1 Roxo - Macrilan,Esgotado,0/5
Macrilan,Unhas Postiças Autocolantes Média Preta - Macrilan,Esgotado,0/5
Macrilan,Unhas Postiças Autocolantes Média Rubi - Macrilan,Esgotado,0/5
Macrilan,Unhas Postiças Autocolantes Média Nude - Macrilan,Esgotado,0/5
Macrilan,Unhas Postiças Autocolantes Média Vermelho - Macrilan,Esgotado,0/5
Macrilan,Unhas Postiças Autocolantes Média Vermelho Escuro - Macrilan,Esgotado,0/5
Macrilan,Unhas Postiças Autocolantes Média Cacau - Macrilan,Esgotado,0/5
Macrilan,Unhas Postiças Autocolantes Média Vinho - Macrilan,Esgotado,0/5
Macrilan,Kit Max 10 Pincéis Profissional A100 - Macrilan,Esgotado,0/5
Macrilan,Kit Inspirado em Você 7 Pincéis 1 Esponja - Macrilan,Esgotado,0/5
Macrilan,Kit com 6 pincéis Travel Beauty - Macrilan,Esgotado,0/5
Macrilan,Pincel A29 Profissional Cônico Para Contornar e Iluminar - Macrilan,Esgotado,0/5
Macrilan,Pincel Duplo Escova e Chanfrado B136 - Macrilan,Esgotado,0/5
Macrilan,Unhas Postiças Curta Francesinha UP209A - Macrilan,Esgotado,0/5
Macrilan,Pincel para Pó W112 - Macrilan,Esgotado,0/5
Macrilan,Toalha Demaquilante Removedora de Make - Macrilan,Esgotado,0/5
Macrilan,Pincel de Precisão para Delinear W146 - Macrilan,Esgotado,0/5
Macrilan,Pincel para Pó Facial U01 - Ultra Essencial - Macrilan,Esgotado,0/5
Océane,Pincel para Detalhe MS10 - Mariana Saad - Océane,"R$ 42,90",0/5
Océane,Pincel Chanfrado para os Olhos MS13 - Mariana Saad - Océane,"R$ 35,00",0/5
Océane,Paleta de Sombras Mariana Saad - 12 Shades - Océane,"2x de R$ 74,95 sem juros",0/5
Océane,Paleta de Sombras Mariana Saad - 9 Shades - Océane,Esgotado,4/5
Marília Mendonça by Océane,Batom Líquido Charm Nude - Marília Mendonça by Océane,Esgotado,0/5
Marília Mendonça by Océane,Batom Líquido Super Star Vermelho - Marília Mendonça by Océane,Esgotado,0/5
Marília Mendonça by Océane,Batom Líquido Diva Rosa - Marília Mendonça by Océane,Esgotado,0/5
Marília Mendonça by Océane,Paleta de Sombras - Marília Mendonça by Océane,Esgotado,0/5
Marília Mendonça by Océane,Caneta Delineadora Queen Preta - Marília Mendonça by Océane,Esgotado,0/5
Marília Mendonça by Océane,Blush Celebration Rose Gold - Marília Mendonça by Océane,Esgotado,0/5
Marília Mendonça by Océane,Paleta de Iluminadores - Marília Mendonça by Océane,Esgotado,0/5
Marília Mendonça by Océane,Paleta de Sombras On the Road - Marília Mendonça by Océane,Esgotado,0/5
Marília Mendonça by Océane,Paleta Multifuncional - Marília Mendonça by Océane,Esgotado,0/5
Marilia Mendonça by Océane,Lápis para Olhos Marrom Dark Brown - Marilia Mendonça by Océane,Esgotado,0/5
Marilia Mendonça by Océane,Lápis para Olhos Preto Black - Marilia Mendonça by Océane,Esgotado,0/5
Marília Mendonça by Océane,Batom em Bala Vermelho Red Star - Marília Mendonça by Océane,Esgotado,0/5
Marília Mendonça by Océane,Batom em Bala Nude Charm Kiss - Marília Mendonça by Océane,Esgotado,0/5
Marília Mendonça by Océane,Gloss Labial Nude - Marília Mendonça by Océane,Esgotado,0/5
Mari Maria Makeup,Bruma Fixadora Ultimate Fix - Mari Maria Makeup,"2x de R$ 62,95 sem juros",0/5
Mari Maria Makeup,Máscara de Cílios Lash Up - Mari Maria Makeup,"R$ 69,90",0/5
Mari Maria,Base e Corretivo Matte Velvet Skin - Cores - Mari Maria,"R$ 69,90",0/5
Mari Maria,Máscara de Sobrancelhas -Brow Stick- Mari Maria,"R$ 44,90",0/5
Mari Maria Makeup,Corretivo Líquido Cover Up - Mari Maria Makeup,"R$ 49,90",0/5
Mari Maria Makeup,Paleta de Sombras - Color - Ginger Glow - Mari Maria Makeup,"R$ 86,90",0/5
Mari Maria Makeup,Kit de Batons Stick - Ginger Glow - Mari Maria Makeup,"R$ 89,90",0/5
Mari Maria Makeup,Batom Creamy - Classy - Ginger Glow - Mari Maria Makeup,"R$ 35,90",0/5
Mari Maria Makeup,Batom Creamy - Fancy - Ginger Glow - Mari Maria Makeup,"R$ 35,90",0/5
Mari Maria Makeup,Batom Creamy - Gala - Ginger Glow - Mari Maria Makeup,"R$ 35,90",0/5
Mari Maria Makeup,Sombra Jelly - Royal - Mari Maria Makeup,"R$ 37,90",0/5
Mari Maria Makeup,Gloss Líquido - Sugar - Mari Maria Makeup,"R$ 33,90",0/5
Mari Maria Makeup,Gloss Líquido - Jello - Mari Maria Makeup,"R$ 33,90",0/5
Mari Maria Makeup,Iluminador Divine Glow Aurora - Mari Maria Makeup,"R$ 39,90",0/5
Mari Maria Makeup,Iluminador Divine Glow Splendid - Mari Maria Makeup,"R$ 39,90",0/5
Mari Maria Makeup,Pó Facial Invisible Silk Quick Bake - Mari Maria Makeup,"R$ 59,90",0/5
Mari Maria Makeup,Pó Facial Invisible Silk Quick Bake - Mari Maria Makeup,"R$ 38,43",0/5
Mari Maria Makeup,Esponja Diamond Blender - Mari Maria Makeup,"R$ 35,90",0/5
Mari Maria Makeup,Cover Up Base Matte Cor 24 35g - Mari Maria Makeup,"R$ 39,90",0/5
Mari Maria Makeup,Batom Stick - Bold - Ginger Glow - Mari Maria Makeup,"R$ 18,45",0/5
Mari Maria Makeup,Cílios Postiços Lashes - Mari Maria Makeup,"R$ 44,90",0/5
Mari Maria Makeup,Caneta Delineadora Cat Eyes - Mari Maria Makeup,"R$ 55,90",0/5
Nath Capelo,Paleta Perfect Cover Light - Nath Capelo,"R$ 119,90",0/5
Nath Capelo,Sombra Compacta Unitária Noir - Nath Capelo,"R$ 49,90",0/5
Nath Capelo,Blindagem Nath Shield - Nath Capelo,"R$ 89,90",0/5
Nath Capelo,Pó Solto Velvet Powder - Frost - Nath Capelo,"R$ 79,90",0/5
Nath Capelo,Paleta de Iluminadores Go Glow - Nath Capelo,"2x de R$ 89,95 sem juros",0/5
Nath Capelo,Corretivo Creamy Paint Intense White - Nath Capelo,"R$ 79,90",0/5
Nath Capelo,Batom Soft Matte - Flávia - Nath Capelo,"R$ 59,90",0/5
Nath Capelo,Batom Soft Matte - Maria - Nath Capelo,"R$ 59,90",0/5
Nath Capelo,Batom Soft Matte - Nanda - Nath Capelo,"R$ 59,90",0/5
Nath Capelo,Batom Soft Matte - Priscilla - Nath Capelo,"R$ 59,90",0/5
Nath Capelo,Creme Corporal Body Cream Petals - Nath Capelo,"R$ 99,90",0/5
Nath Capelo,Base Soft Matte La Base - Peach - Nath Capelo,"2x de R$ 78,95 sem juros",0/5
Nath Capelo,Base Soft Matte La Base - Creme Brulee - Nath Capelo,"2x de R$ 78,95 sem juros",0/5
Nath Capelo,Base Soft Matte La Base - Biscuit - Nath Capelo,"2x de R$ 78,95 sem juros",0/5
Nath Capelo,Base Soft Matte La Base - Honey - Nath Capelo,"2x de R$ 78,95 sem juros",0/5
Nath Capelo,Base Soft Matte La Base - Almond - Nath Capelo,"2x de R$ 78,95 sem juros",0/5
Nath Capelo,Base Soft Matte La Base - Cinnamon - Nath Capelo,"2x de R$ 78,95 sem juros",0/5
Nath Capelo,Base Soft Matte La Base - Chocolat - Nath Capelo,"2x de R$ 78,95 sem juros",0/5
Nath Capelo,Hidratante Facial Perfect Skin - Nath Capelo,"R$ 59,90",0/5
Nath Capelo,Corretivo Líquido Undercover M2 - Nath Capelo,"R$ 39,90",0/5
Nath Capelo,Corretivo Cremoso La Mousse Peach - Nath Capelo,"R$ 89,90",5/5
Nath Capelo,Corretivo Cremoso La Mousse Chantilly - Nath Capelo,"R$ 89,90",5/5
Frete Grátis,Frete Grátis,Esgotado,0/5
Nath Capelo,Pó Solto Velvet Powder - Beige - Nath Capelo,Esgotado,0/5
Nath Capelo,Pó Solto Velvet Powder - Dore - Nath Capelo,Esgotado,0/5
Nath Capelo,Pó Solto Velvet Powder - Topaz - Nath Capelo,Esgotado,0/5
Nath Capelo,Corretivo Cremoso La Mousse Almond - Nath Capelo,Esgotado,0/5
Nath Capelo,Corretivo Cremoso La Mousse Vanilla - Nath Capelo,Esgotado,5/5
Nina Makeup,Paleta de Sombras Explosão de Caramelo Sweet Caramel - Nina Makeup,"2x de R$ 69,95 sem juros",0/5
Nina Makeup,Blush Cremoso Sweet Caramel - Nina Makeup,"R$ 59,90",0/5
Nina Makeup,Pincel Profissional Chanfrado - Nina Makeup,"R$ 19,90",0/5
Nina Makeup,Pincel Profissional para Esfumar Sombra - Nina Makeup,"R$ 21,90",0/5
Nina Makeup,Pincel Profissional Duo para Sobrancelhas - Nina Makeup,"R$ 21,90",0/5
Nina Makeup,Pincel Profissional para Iluminador - Nina Makeup,"R$ 39,90",0/5
Nina Makeup,Pincel Profissional Kabuki para Base - Nina Makeup,"R$ 56,90",0/5
Nina Makeup,Pincel Profissional para Lábios - Nina Makeup,"R$ 19,90",0/5
Nina Makeup,Pincel Profissional para Pó - Nina Makeup,"R$ 59,90",0/5
Nina Makeup,Pincel Profissional para Sombra - Nina Makeup,"R$ 19,90",0/5
Nina Makeup,Pincel Profissional Chanfrado para Blush - Nina Makeup,"R$ 44,90",0/5
Nina Makeup,Esponja de Maquiagem Beauty Blender - Nina Makeup,"R$ 29,90",0/5
Nina Makeup,Bruma Fixadora Nina Fix - Nina Makeup,"R$ 55,90",0/5
Nina Makeup,Corretivo Líquido Matte Hyaluronic - Nina Makeup,"R$ 45,90",0/5
Nina Makeup,Base Líquida Basic - Nina Makeup,"R$ 39,90",0/5
Nina Makeup,Base Líquida Hyaluronic Matte - Nina Makeup,"R$ 59,90",0/5
Nina Makeup,Contorno em Bastão Stick Face Contour - Nina Makeup,"R$ 69,90",0/5
Nina Makeup,Sérum Blindagem - Nina Makeup,"R$ 59,90",0/5
Nina Makeup,Bruma Fixadora Instant Luminous - Nina Makeup,"R$ 55,90",0/5
Nina Makeup,Máscara de Cílios Pantenol Lashes - Nina Makeup,"R$ 40,90",0/5
Nina Makeup,Paleta de Sombras Instant Shine - Nina Makeup,"2x de R$ 64,95 sem juros",0/5
Nina Makeup,Delineador Líquido para Olhos Carbon Black - Nina Makeup,"R$ 59,90",0/5
Nina Makeup,Lápis para Olhos Carbon Black - Nina Makeup,"R$ 39,90",0/5
Nina Makeup,Demaquilante Instant Care - Nina Makeup,"R$ 29,90",0/5
Nina Makeup,Blush Compacto Instant - Nina Makeup,"R$ 49,90",0/5
Nina Makeup,Contorno Compacto Instant - Nina Makeup,"R$ 45,90",0/5
Nina Makeup,Iluminador Compacto Instant Glow - Nina Makeup,"R$ 56,90",0/5
Nina Makeup,Pó Compacto Instant Matte - Nina Makeup,"R$ 59,90",0/5
Nina Makeup,Pó Solto Facial A Prova de Água Instant Hyaluronic - Nina Makeup,"R$ 69,90",0/5
Nina Makeup,Bastão Stick Face Multifunções - Nina Makeup,"R$ 79,90",0/5
Nina Makeup,Sabonete Líquido Facial Hyaluronic Matte - Nina Makeup,"R$ 39,90",0/5
Nina Makeup,Sabonete em Gel Facial Instant Care - Nina Makeup,"R$ 49,90",0/5
Nina Makeup,Água Micelar Instant Care - Nina Makeup,"R$ 29,90",0/5
Océane,Pincel Delineador Ponta Fina Kitty My Eyes N°15 - Océane,"R$ 41,00",0/5
Océane,Pincel Leque Gleam My Face N°18 - Océane,"R$ 69,00",5/5
Océane,Pincel para Sombra Dazzle Eyes N°11 - Océane,"R$ 44,90",0/5
Océane,Pincel para Maquiagem Fix Up My Shine Nº04 - Océane,"R$ 68,50",0/5
Océane,Pincel para Sombra Smoke My Eyes N°12 - Océane,"R$ 44,90",0/5
Océane,Pincel para Corretivo Make Me Perfect Baby N°14 - Océane,"R$ 42,90",0/5
Océane,Esponja Antibrilho Beauty Touch Up - Océane,"R$ 42,90",0/5
Océane,Esponja para Acabamento Layer Blend - Océane,"R$ 33,50",0/5
Océane,Tatuagem temporária Fashion Tattoo - FT8 - Océane,"R$ 9,90",0/5
Océane,Pincel para Detalhe Chanfrado Flat Angled Brush N°13 - Océane,"R$ 44,90",0/5
Océane,Pincel de Precisão para Esfumar Firm Shader Brush N°10 - Océane,"R$ 42,90",0/5
Océane,Pincel para Pigmento Eye Shading Brush N°09 - Océane,"R$ 42,90",0/5
Océane,Máscara Esfoliante para Pés com Óleo de Coco - Foot Peeling Mask - Océane,"R$ 45,57",0/5
Océane,Pincel para Skincare Brush - Océane,"R$ 29,90",0/5
Océane Edition,Máscara para Cílios Drama Lash Preta - Océane Edition,"R$ 48,90",0/5
Océane Edition,Lip Oil Hidratante Labial Ruby - Océane Edition,"R$ 46,90",0/5
Océane Edition,Lip Oil Hidratante Labial Blossom - Océane Edition,"R$ 46,90",0/5
Océane Edition,Batom Vermelho Semi-Matte Lipstick Red Kiss - Océane Edition,"R$ 57,90",0/5
Océane Edition,Brilho Labial Nude Glossy Me Shimmer Brown - Océane Edition,"R$ 48,90",0/5
Océane Edition,Brilho Labial Transparente Glossy Me Glazed - Océane Edition,"R$ 48,90",0/5
Pam by Pamella,Batom Líquido Matte - Pam by Pamella,"R$ 39,90",0/5
Pam by Pamella,Gloss Labial Ultra Vinílico - Pam by Pamella,"R$ 39,90",0/5
Pam by Pamella,Máscara para Cílios Max Turbo - Pam by Pamella,"R$ 59,90",0/5
Pam by Pamella,Caneta Delineadora para Olhos Speed Preta - Pam by Pamella,"R$ 49,90",0/5
Pam by Pamella,Primer Facial Soft Focus Drift - Pam by Pamella,"R$ 69,90",0/5
Pam by Pamella,Paleta Multifuncional 16 Cores - 16 Preciosos! - Pam by Pamella,Esgotado,0/5
Lumini,Pote Hermético Retangular 770ml - Lumini,"R$ 30,90",0/5
"Kit Organizador de Maquiagem em Acrílico 18,5x16,5x14,5cm","Kit Organizador de Maquiagem em Acrílico 18,5x16,5x14,5cm","R$ 66,90",0/5
"Organizador de Maquiagem em Acrílico 12,5x11,5x7cm","Organizador de Maquiagem em Acrílico 12,5x11,5x7cm","R$ 16,90",0/5
Lumini,Pote Hermético Quadrado 480ml - Lumini,"R$ 18,90",0/5
Lumini,Pote Hermético Quadrado 1000ml - Lumini,"R$ 24,90",0/5
Cesto Organizador com Tampa Rose 19x14x10cm,Cesto Organizador com Tampa Rose 19x14x10cm,"R$ 11,90",0/5
Cesto Organizador com Tampa Marinho 19x14x10cm,Cesto Organizador com Tampa Marinho 19x14x10cm,"R$ 11,90",0/5
Cesto Organizador com Tampa Rose 29x19x12cm,Cesto Organizador com Tampa Rose 29x19x12cm,"R$ 26,90",5/5
Cesto Organizador com Tampa Marinho 29x19x12cm,Cesto Organizador com Tampa Marinho 29x19x12cm,"R$ 26,90",0/5
"Organizador de Maquiagem Empilhável 32x11,5x8cm","Organizador de Maquiagem Empilhável 32x11,5x8cm","R$ 25,90",0/5
Porta Algodão Redondo em Acrílico,Porta Algodão Redondo em Acrílico,"R$ 30,90",5/5
Lumini,Pote Hermético Retangular 2.600ml - Lumini,"R$ 49,90",0/5
Lumini,Pote Hermético Quadrado 2.200ml - Lumini,"R$ 37,90",0/5
Organizador de Cosméticos Redondo Giratório em Acrílico,Organizador de Cosméticos Redondo Giratório em Acrílico,"R$ 112,90",5/5
Paramount,Organizador Redondo Giratório com 3 Divisórias - Paramount,"R$ 69,90",0/5
Paramount,Organizador Redondo Giratório com 2 Divisórias - Paramount,"R$ 79,90",0/5
Paramount,Organizador Duplo Giratório Diamond - Paramount,"R$ 59,90",0/5
Paramount,Organizador Redondo Giratório Diamond - Paramount,"R$ 53,90",0/5
Porta 25 Cápsulas Nespresso 25x25x5cm,Porta 25 Cápsulas Nespresso 25x25x5cm,Esgotado,0/5
Porta 16 Cápsulas Três Corações 25x25x5cm,Porta 16 Cápsulas Três Corações 25x25x5cm,Esgotado,0/5
"Kit Organizador de Cosméticos em Acrílico 32x18,5x15,5cm","Kit Organizador de Cosméticos em Acrílico 32x18,5x15,5cm",Esgotado,0/5
"Kit Organizador de Maquiagem em Acrílico 12,5x11,5x12cm","Kit Organizador de Maquiagem em Acrílico 12,5x11,5x12cm",Esgotado,0/5
Organizador de Maquiagem com Divisória em Acrílico,Organizador de Maquiagem com Divisória em Acrílico,Esgotado,0/5
"Organizador de Maquiagem em Acrílico 9x9x6,5cm","Organizador de Maquiagem em Acrílico 9x9x6,5cm",Esgotado,0/5
Lumini,Pote Hermético Retangular 580ml - Lumini,Esgotado,0/5
Paramount,Organizador Redondo Giratório Diamond - Paramount,Esgotado,0/5
Payot,Base Matte Alta Cobertura - Payot,"R$ 49,90",0/5
Payot,Corretivo Matte Alta Cobertura - Payot,"R$ 34,90",0/5
Payot,Contorno Facial em Bastão - Payot,"R$ 45,90",0/5
Payot,Pó Solto Facial Matte - Payot,"R$ 49,90",0/5
Payot,Tônico Adstringente Ação Anti Brilho - Pele Mista Oleosa - Payot,"R$ 57,90",0/5
Payot,Sabonete Facial Ação Anti Brilho - Pele Mista Oleosa - Payot,"R$ 47,90",0/5
Payot,Hidratante Corporal Nutritivo Vitamina C - Payot,"R$ 64,90",0/5
Payot,Sabonete Higienizante Acnederm - Payot,"R$ 38,90",0/5
Payot,Sabonete Líquido Detox Hidratante Vitamina C - Payot,"R$ 39,90",0/5
Payot,Lápis para Sobrancelha Castanho - Payot,"R$ 33,90",0/5
Payot,Lápis para Sobrancelha Universal - Payot,"R$ 33,90",0/5
Payot,Batom Hidratante Rosa - Payot,"R$ 52,90",0/5
Payot,Batom Hidratante Terracota - Payot,"R$ 39,90",0/5
Payot,Batom Hidratante Nude - Payot,"R$ 52,90",0/5
Payot,Batom Hidratante Vermelho - Payot,"R$ 39,90",0/5
Payot,Batom Hidratante Vermelho Bordô - Payot,"R$ 39,90",0/5
Payot,Batom Hidratante Uva - Payot,"R$ 39,90",0/5
Payot,Blush Retinol Pêssego - Payot,"R$ 49,90",0/5
Payot,Blush Retinol Uva - Payot,"R$ 49,90",0/5
Payot,Corretivo Sérum Retinol - Cor 50 - Payot,"R$ 47,90",0/5
Practk,Esponja de Maquiagem Power BLENDER Purple - Practk,"R$ 59,90",0/5
Practk,Palmat | Base de Silicone para limpeza de pincéis - Practk,"R$ 69,90",0/5
ProArt,Piranha de Cabelo Gold Concha - ProArt,"R$ 26,90",0/5
ProArt,Piranha de Cabelo Gold Borboleta Pequena - ProArt,"R$ 26,90",0/5
ProArt,Piranha de Cabelo Gold Borboleta Grande - ProArt,"R$ 29,90",0/5
Proart,Piranha de Cabelo Gold Trança - Proart,"R$ 26,90",0/5
Proart,Faixa de Cabelo para Skincare e Maquiagem - Proart,"R$ 33,90",0/5
Proart,Presilhas de Cabelo Glam - Proart,"R$ 17,90",0/5
Proart,Escova de Cabelo Flex Heaven - Proart,"R$ 39,90",0/5
Proart,Kit de Presilhas de Cabelo Waves Pequenas - Proart,"R$ 14,90",0/5
RC Beauty,Iluminador Corporal Shine Body Medium - RC Beauty,Esgotado,0/5
RC Beauty,Iluminador Corporal Shine Body Dark - RC Beauty,Esgotado,0/5
RC Beauty,Iluminador Corporal Shine Body Light - RC Beauty,Esgotado,0/5
RC Beauty,Batom Stick Multi Color 01 - RC Beauty,Esgotado,0/5
RC Beauty,Batom Stick Multi Color 02 - RC Beauty,Esgotado,0/5
RC Beauty,Batom Stick Multi Color 03 - RC Beauty,Esgotado,0/5
RC Beauty,Batom Stick Multi Color 04 - RC Beauty,Esgotado,0/5
RC Beauty,Blush Stick Multifuncional Creamy Cor 02 - RC Beauty,Esgotado,0/5
RC Beauty,Blush Stick Multifuncional Creamy Cor 03 - RC Beauty,Esgotado,0/5
RC Beauty,Blush Stick Multifuncional Creamy Cor 04 - RC Beauty,Esgotado,0/5
RC Beauty,Blush Stick Multifuncional Creamy Cor 05 - RC Beauty,Esgotado,0/5
RC Beauty,Blush Stick Multifuncional Creamy Cor 06 - RC Beauty,Esgotado,0/5
RC Beauty,Iluminador Stick Multifuncional Shine Cor 01 - RC Beauty,Esgotado,0/5
RC Beauty,Iluminador Stick Multifuncional Shine Cor 02 - RC Beauty,Esgotado,0/5
RC Beauty,Iluminador Stick Multifuncional Shine Cor 03 - RC Beauty,Esgotado,5/5
RC Beauty,Gloss Stick Multifuncional - RC Beauty,Esgotado,0/5
RC Beauty,Pincel Kabuki Body - RC Beauty,Esgotado,0/5
Real Techniques,2 Mini Esponjas (Esculpir e Olhos) Com Suporte - Real Techniques,"2x de R$ 69,95 sem juros",0/5
Real Techniques,Kit de Pincéis para os Olhos Perfect Crease Duo - Real Techniques,"R$ 109,90",0/5
Ruby Kisses,Pó Compacto Super Fixo - Ruby Kisses,"R$ 39,90",0/5
Ruby Kisses,Caneta Delineadora Intense 24H Marrom - Ruby Kisses,"R$ 44,90",0/5
Ruby Kisses,Delineador Liquido Intense 24h Marrom - Ruby Kisses,"R$ 42,90",0/5
Ruby Kisses,Lip Oil Jelly Pop! - Ruby Kisses,"R$ 29,90",0/5
Ruby Kisses,Blush em Stick Melon Pop! - Ruby Kisses,"R$ 44,90",0/5
Ruby Kisses,Contorno em Stick Pop! - Ruby Kisses,"R$ 44,90",0/5
Ruby Kisses,Lápis Retrátil em Gel à Prova D'água - Ruby Kisses,"R$ 27,90",0/5
RK by Kiss,Lip Fix Tint Alta Fixação - Bold Orange - RK by Kiss,"R$ 30,90",0/5
RK by Kiss,Lip Fix Tint Alta Fixação - So Fancy - RK by Kiss,"R$ 30,90",5/5
RK by Kiss,Lip Fix Tint Alta Fixação - Feeling Powefull - RK by Kiss,"R$ 30,90",5/5
RK by Kiss,Lip Fix Tint Alta Fixação - Blueberry Pie - RK by Kiss,"R$ 30,90",0/5
RK by Kiss,Delineador em Caneta Retro Yellow - Party Proof - RK by Kiss,"R$ 33,90",0/5
RK by Kiss,Delineador em Caneta Pink Smoothie - Party Proof - RK by Kiss,"R$ 33,90",0/5
RK by Kiss,Delineador em Caneta Dreamy Blue - Party Proof - RK by Kiss,"R$ 33,90",0/5
Ruby Rose,Stay Fix Diluidor de Maquiagem - Ruby Rose,"R$ 10,00",0/5
Ruby Rose,Gel Facial Antiacne - Linha Acnover - Ruby Rose,"R$ 13,50",0/5
Ruby Rose,Blush Compacto BL10 - Ruby Rose,"R$ 22,90",0/5
Ruby Rose,Blush Compacto BL30 - Ruby Rose,"R$ 22,90",0/5
Ruby Rose,Iluminador Compacto HL110 - Ruby Rose,"R$ 22,90",0/5
Ruby Rose,Iluminador Compacto HL70 - Ruby Rose,"R$ 22,90",0/5
Ruby Rose,Paleta De Sombras Mystic Glow - Ruby Rose,"R$ 59,90",0/5
Ruby Rose,Paleta de Sombras Secret Glow - Ruby Rose,"R$ 59,90",0/5
Ruby Rose,Batom Líquido Velvety Glass - BG01 - Ruby Rose,"R$ 29,90",0/5
Ruby Rose,Batom Líquido Velvety Glass - BG03 - Ruby Rose,"R$ 29,90",0/5
Ruby Rose,Batom Líquido Velvety Glass - BG04 - Ruby Rose,"R$ 29,90",0/5
Ruby Rose,Batom Líquido Velvety Glass - BG05 - Ruby Rose,"R$ 29,90",0/5
Ruby Rose,Batom Líquido Velvety Glass - BG06 - Ruby Rose,"R$ 29,90",0/5
Ruby Rose,Batom Líquido Velvety Glass - BG07 - Ruby Rose,"R$ 29,90",0/5
Ruby Rose,Batom Bala Velvety Glass - BG01 - Ruby Rose,"R$ 25,90",0/5
Ruby Rose,Batom Bala Velvety Glass - BG03 - Ruby Rose,"R$ 25,90",0/5
Ruby Rose,Batom Bala Velvety Glass - BG05 - Ruby Rose,"R$ 25,90",0/5
Ruby Rose,Batom Bala Velvety Glass - BG06 - Ruby Rose,"R$ 25,90",0/5
Ruby Rose,Batom Bala Velvety Glass - BG07 - Ruby Rose,"R$ 25,90",0/5
Ruby Rose,Batom Bala Velvety Glass - BG08 - Ruby Rose,"R$ 25,90",0/5
Salon Perfect,Cílios Postiços Press On 45s - Salon Perfect,"R$ 27,90",0/5
Salon Perfect,Cílios Postiços Press On 110s - Salon Perfect,"R$ 27,90",0/5
Salon Perfect,Cílios Postiços Perfectly Natural 62p - Salon Perfect,"R$ 27,90",0/5
Salon Perfect,Cílios Postiços Strip Perfectly Diva - Salon Perfect,"R$ 27,90",0/5
Salon Perfect,Cílios Postiços Strip Perfectly Diva - Salon Perfect,"R$ 27,90",0/5
Salon Perfect,Cílios Postiços Perfectly Glamorous 212p - Salon Perfect,"R$ 27,90",0/5
Salon Perfect,Cílios Postiços Be Natural 53p - Salon Perfect,"R$ 27,90",0/5
Salon Perfect,Cílios Postiços Go Glam 117p - Salon Perfect,"R$ 27,90",0/5
Salon Perfect,Cílios Postiços Be Natural 109p - Salon Perfect,"R$ 27,90",0/5
Satisfyer,Sugador de Clítoris Penguin Holiday Edition - Satisfyer,"6x de R$ 83,32 sem juros",0/5
Satisfyer,Vibrador Satisfyer Love Triangle Air Pulse - Satisfyer,"6x de R$ 93,33 sem juros",0/5
Satisfyer,Vibrador Satisfyer Pro Pinguim - Satisfyer,"6x de R$ 96,67 sem juros",0/5
Satisfyer,Vibrador Satisfyer Pro 2 Vibration - Satisfyer,"6x de R$ 116,67 sem juros",0/5
Satisfyer,Vibrador Satisfyer Pro 2 Next Generation - Satisfyer,"6x de R$ 100,00 sem juros",0/5
Satisfyer,Vibrador Satisfyer Double Fun Preto - Satisfyer,"6x de R$ 104,98 sem juros",0/5
Satisfyer,Vibrador Satisfyer Love Triangle Air Pulse Preto - Satisfyer,"6x de R$ 93,33 sem juros",0/5
Satisfyer,Vibrador Double Flex Violeta - Satisfyer,"6x de R$ 99,98 sem juros",0/5
Satisfyer,Vibrador Anal Heat Climax - Satisfyer,"6x de R$ 104,98 sem juros",0/5
Sigma Spa® Express Brush Cleaning Glove,Sigma Spa® Express Brush Cleaning Glove,"2x de R$ 89,95 sem juros",0/5
Klass Vough,Cílios Postiços Glam Line - Allure 3D - Klass Vough,"R$ 59,90",0/5
Studio KV,Kit de Pincéis para Unhas 4 Peças - Studio KV,"R$ 19,90",0/5
Studio KV,Kit de Pincéis 5 Peças - Pink - Studio KV,"R$ 39,90",0/5
Studio KV,Kit de Pincéis 5 Peças - Sweet Pink - Studio KV,"R$ 29,90",0/5
Studio KV,Kit de Pincéis Black com 7 peças - Studio KV,"R$ 59,90",0/5
Studio KV,Rede protetora para Pincéis c/12- Studio KV,Esgotado,0/5
Studio KV,Combo com 3 Navalhetes para Sobrancelhas - Studio KV,Esgotado,0/5
Donuts,Necessaire Estojo em Neoprene Sunset Collection - Donuts,"R$ 34,90",0/5
Cabo Carregador Magnético Avulso Itens Eróticos,Cabo Carregador Magnético Avulso Itens Eróticos,Esgotado,0/5
Cabo Carregador Tipo Pino P1 Avulso Itens Eróticos,Cabo Carregador Tipo Pino P1 Avulso Itens Eróticos,Esgotado,0/5
Svakom,Massageador de Clitóris Bullet Phoenix Neo Red - Svakom,"6x de R$ 83,17 sem juros",0/5
Svakom,Massageador de Próstata e Clitóris Vick Neo - Svakom,"6x de R$ 83,32 sem juros",0/5
Svakom,Massageador Pulse Union Roxo - Svakom,"6x de R$ 89,98 sem juros",0/5
Svakom,Massageador Pulse Pure Rosa Claro - Svakom,"6x de R$ 83,32 sem juros",0/5
Svakom,Massageador Pulse Pure Midnight Azul - Svakom,"6x de R$ 83,32 sem juros",0/5
Svakom,Massageador Pulse Lite Neo Rosa Claro - Svakom,"4x de R$ 74,98 sem juros",0/5
Svakom,Massageador Pulse Lite Neo Verde - Svakom,"4x de R$ 74,98 sem juros",0/5
Svakom,Massageador Pulse Lite Neo Lilas - Svakom,"4x de R$ 74,98 sem juros",0/5
Svakom,Masturbador Masculino Robin Branco - Svakom,"6x de R$ 116,65 sem juros",0/5
Svakom,Vibrador Polvo Pink Nymph - Svakom,"6x de R$ 116,65 sem juros",0/5
Svakom,Vibrador Estimulador Ponto G - Trysta Plum Rosa - Svakom,"6x de R$ 99,98 sem juros",0/5
Svakom,Vibrador Com Projetor Pulse Galaxie Mettalic Lilás - Svakom,"6x de R$ 131,65 sem juros",0/5
TB Care,Creme para Pés - Joyous Feet Butter Vanilla - TB Care,"R$ 35,90",5/5
TB Care,Creme para Mãos - Joyous Hands FPS15 - TB Care,"R$ 42,90",5/5
TB Make,Pedras Autocolantes para Rosto - Color - TB Make,"R$ 25,90",0/5
TB Make,Pedras Autocolantes para Rosto - Prata - TB Make,"R$ 25,90",0/5
TB Make,Pincel para Sombra - TB Make,"R$ 29,90",0/5
TB Make,Pincel para Esfumar - TB Make,"R$ 35,90",0/5
TB Make,Gel de Limpeza Facial Acness - TB Make,"R$ 20,90",0/5
Tracta,Corretivo Líquido Hidratante Cor 10 - Tracta,"R$ 39,90",0/5
Tracta,Corretivo Líquido Hidratante Cor 11 - Tracta,"R$ 39,90",0/5
Tracta,Corretivo Líquido Hidratante Cor 12 - Tracta,"R$ 39,90",0/5
Tracta,Corretivo Líquido Hidratante Cor 13 - Tracta,"R$ 39,90",0/5
Tracta,Corretivo Líquido Hidratante Cor 14 - Tracta,"R$ 39,90",0/5
Tracta,Corretivo Líquido Matte Cor 05 - Tracta,"R$ 39,90",0/5
Tracta,Corretivo Líquido Matte Cor 09 - Tracta,"R$ 39,90",0/5
Tracta,Corretivo Líquido Matte Cor 11 - Tracta,"R$ 39,90",0/5
Tracta,Corretivo Líquido Matte Cor 12 - Tracta,"R$ 39,90",0/5
Tracta,Corretivo Líquido Matte Cor 13 - Tracta,"R$ 39,90",0/5
Tracta,Corretivo Líquido Matte Cor 14 - Tracta,"R$ 39,90",0/5
Tracta,Blush Compacto Colourful Memories - Tracta,"R$ 33,99",0/5
Tracta,Blush Compacto Colourful Nostalgic - Tracta,"R$ 33,99",0/5
Tracta,Blush Compacto Colourful Miss You - Tracta,"R$ 33,99",0/5
Tracta,Blush Compacto Colourful Remember - Tracta,"R$ 33,99",0/5
Tracta,Glowing Iluminador Compacto Precious - Tracta,"R$ 35,99",0/5
Tracta,Glowing Iluminador Compacto Gleam - Tracta,"R$ 35,99",0/5
Tracta,Glowing Iluminador Compacto Infinite - Tracta,"R$ 35,99",0/5
Tracta,Glowing Iluminador Compacto Moonlight - Tracta,"R$ 35,99",0/5
Tracta,Glowing Iluminador Compacto Rust - Tracta,"R$ 35,99",0/5
Junior Mendes by Tracta,"3x1 Blush, Iluminador e Sombra - Celestial - Junior Mendes by Tracta","R$ 72,90",5/5
Junior Mendes by Tracta,"3x1 Blush, Iluminador e Sombra - Glowing - Junior Mendes by Tracta","R$ 72,90",0/5
Vanessa Rozan by Tracta,"3x1 Blush, Iluminador e Sombra - Charme - Vanessa Rozan by Tracta","R$ 72,90",5/5
Vanessa Rozan by Tracta,"3x1 Blush, Iluminador e Sombra - Encanto - Vanessa Rozan by Tracta","R$ 72,90",0/5
Vanessa Rozan by Tracta,Batom em Bala - Pina - Vanessa Rozan by Tracta,"R$ 55,90",0/5
Tracta,Lápis Delineador Para Olhos Brown - Tracta,"R$ 22,90",0/5
Tracta,Batom Líquido Matte Soft - Sexy - Tracta,"R$ 34,90",0/5
Tracta,Batom Líquido Matte Soft - Kiss - Tracta,"R$ 29,90",0/5
Tracta,Batom Líquido Matte Soft - Divine - Tracta,"R$ 34,90",0/5
Tracta,Batom Líquido Matte Soft - Pretty - Tracta,"R$ 29,90",0/5
Tracta,Hidra Aquagel - Tracta,"R$ 49,90",4/5
Tracta,Corretivo Líquido Matte Cor 08 - Tracta,Esgotado,0/5
Tracta,Corretivo Líquido Matte Cor 10 - Tracta,Esgotado,0/5
Tracta,Caneta Delineadora Dark Black - A Prova D'gua - Tracta,Esgotado,0/5
Tracta,Lip Power Tint - Goiabada - Tracta,Esgotado,0/5
Tracta,Batom Líquido Matte Soft - Savage - Tracta,Esgotado,0/5
Fixador de Maquiagem Real Fix e Gotas Fix Vizzela,Fixador de Maquiagem Real Fix e Gotas Fix Vizzela,"2x de R$ 69,90 sem juros",0/5
Kit Fixador Maquiagem Vizzela Real Fix Gotas Fix Pó HD Powder,Kit Fixador Maquiagem Vizzela Real Fix Gotas Fix Pó HD Powder,"3x de R$ 62,90 sem juros",0/5
Fixador Vizzela Real Fix e Pó Translúcido Fix HD Powder,Fixador Vizzela Real Fix e Pó Translúcido Fix HD Powder,"R$ 118,80",0/5
Kit Eu quero Brilhar,Kit Eu quero Brilhar,"2x de R$ 61,85 sem juros",0/5
Vizzela,Máscara para Sobrancelhas Easy Brow - Cor 01 - Vizzela,"R$ 47,90",0/5
Vizzela,Paleta de Sombras Infantil - Querida Paleta - Vizzela,"R$ 47,90",0/5
Vizzela,Body Splash Deo Colonia Infantil - Ondas de Aventura - Vizzela,"R$ 59,90",0/5
Vizzela,Lip Sugar Balm Hidratante Labial +Zaxy - Vizzela,"R$ 39,90",0/5
Vizzela,Batom Infantil Balão Hidratante - Vizzela,"R$ 35,90",0/5
Vizzela,Gloss Infantil Brilha Brilha - Vizzela,"R$ 39,90",0/5
Vizzela,Body Splash Cheirinho de Vizzela - Vizzela,"R$ 59,90",0/5
Ruby Kisses,Contorno em Stick Pop! - Ruby Kisses,"R$ 44,90",0/5
Vizzela,Gloss Labial In Love - Vizzela,"R$ 39,90",0/5
Vizzela,Corretivo Líquido Fix Cor 12 - Vizzela,"R$ 58,90",0/5
